Accession No.,Book Title,Author,Price (INR),Price ($),Price (Pound),Publisher,Issue / Lost / Available,Book No. / Barcode,Book Shelf No.,No. of Copies,S. No.
2137,Fundamentals Of Database Systems (REPLACE),Elmasri Navathe,350,,,BPB,,932997,DCSE/E/98/5,1,1
2140,Fundamentals Of Database Systems (REPLACE),Elmasri Navathe,449.29,,,BPB,,932998,DCSE/E/98/5,1,2
3198,An Integrated Approach to Software Engineering,Jalote,350,,,Narosa,,1113387,DCSE/E/98/5,1,3
1721,Programming Languages(REPLACE),Pratt & Zelkourity,195,,,PHI,ISSUED (PKS),891163,DCSE/E/98/5,1,4
1839,Programming with C++ (REPLACE),Hubbard.J,,,,MC GRAW,,897893,DCSE/E/98/5,1,5
1722,Programming Languages (replace),Pratt & Zelkourity,195,,,PHI,,891162,DCSE/E/98/5,1,6
2360,Compilers,Aho Sethi Ullman,395,,,Pearson,,978707,DCSE/E/98/5,1,7
3105,UNIX Network Programming,Stevens,395,,,PHI,,1113551,DCSE/E/98/5,1,8
3215,Modern Operating System,Tanenbaum,450,,,PHI,,1113505,DCSE/E/98/5,1,9
3104,Intro. To Automata Theory Languages & Computation,"Hopcraft,Motwani,Ullman",465,,,Pearson,,1113405,DCSE/E/98/5,1,10
3203,Advanced Computer Architectures- A design space approach,"Sima, Fountain",655,,,Pearson,,1113382,DCSE/E/98/5,1,11
3166,Computer Graphics Principles & Practices in C,"Foley,Dam,Feiner,John",725,,,Pearson,,1113417,DCSE/E/98/5,1,12
3201,Advanced Computer Architectures- A design space approach,"Sima, Fountain",655,,,Pearson,,1113385,DCSE/E/98/5,1,13
3146,Operating Systems Internals & Design Principles,Stallings,525,,,Pearson,,1113521,DCSE/E/98/5,1,14
3102,Intro. To Automata Theory Languages & Computation,"Hopcraft,Motwani,Ullman",465,,,Pearson,,1113407,DCSE/E/98/5,1,15
3124,Fundamentals of Computer Algorithm,"Horowitz,sahni,Rajshekhran",375,,,University Press,,1113480,DCSE/E/98/5,1,16
3213,Artificial Intelligence- A Modern Approach,"Russell,Norvig",535,,,Pearson,,1113402,DCSE/E/98/5,3,17
3109,Artificial Intelligence ,"Rich,Knight,Nair",435,,,Tata MCG,,1113397,DCSE/E/98/5,2,1
3130,Fundamentals of Database Systems,Elmasri Navathe,525,,,Pearson,,1113483,DCSE/E/98/5,2,2
3132,Fundamentals of Database Systems,Elmasri Navathe,525,,,Pearson,,1113485,DCSE/E/98/5,2,3
3322,"Advanced Computer Architectures- Parallism, Scalability, Programmability","Hwang,J",650,,,McGRAW Hill,,1105728,DCSE/E/98/5,2,4
2587,Computer Organisation & Architecture,Stallings,350,,,PHI,,1064382,DCSE/E/98/5,2,5
2641,Distributed Systems 4th edition,Coulouris et al.,545,,,Pearson Education,,1064439,DCSE/E/98/5,2,6
3450,Computer Organization,Hamacher Zaky,,,,McGRAW Hill,,1120544,DCSE/E/98/5,2,7
1428,Programming in C++,Dewhurst Stark,150,,,Galgotia,,812224,DCSE/E/98/5,2,8
2421,Advanced Computer Architecture (REPLACE),"Dezso Sima. Peter. Terence,Fountain",475,,,Pearson Education,,998146,DCSE/E/98/5,2,9
2488,The Complete Reference JAVA J2SE 5th Edition (REPLACE),Schildt,425,,,Mc Graw Hill,,987989,DCSE/E/98/5,2,10
2412,Parallel Computing (REPLACE),Law,,,,Pearson Education,,972369,DCSE/E/98/5,2,11
2346,Data Structure & Algorithms,Aho,260,,,P/E,,937940,DCSE/E/98/5,2,12
2313,C by Example (REPLACE),Ray Duncan,,,,cup,,932799,DCSE/E/98/5,2,13
1929,Mathmatical Elements for Computer Graphics (REPLACE),Rogers,,11.95,,Mc Graw,,910068,DCSE/E/98/5,2,15
1179,Proce. Elements for Comp. Graphics,Rogers,,6.5,,Mc Graw,,1179,DCSE/E/98/5,2,16
1156,Introduction to Operation Research,Gillett,81,,,TMH,,806141,DCSE/E/98/5,2,17
2018,Introduction to Algorithms (REPLACE),Corman,275,,,PHI,,917106,DCSE/E/98/5,2,18
3148,Operating Systems Internals & Design Principles,Stallings,525,,,Pearson,,1113523,DCSE/E/98/5,2,18
3145,Operating Systems Internals & Design Principles,Stallings,525,,,Pearson,,1113542,DCSE/E/98/5,2,19
3158,Data & Computer Communication,Stallings,525,,,Pearson,,1113448,DCSE/E/98/5,2,19
3449,Computer Organization,Hamacher Zaky,,,,McGRAW Hill,,1120543,DCSE/E/98/5,2,20
1551,Understanding Pointers in C (REPLACE),Kanetkar,,,,,,855858,DCSE/E/98/5,2,21
3424,Machine Learning,Mitchell,,,,McGRAW Hill,,1120604,DCSE/E/98/5,2,23
2566,System Analysis & Design,Elias M. Awad,385,,,Galgotia,,1064359,DCSE/E/98/5,2,24
3377,"Thoery of computer science, automata , language & computation",Mishra & Chandrasekaran,,,,Eastern Economy Edition,,1120623,DCSE/E/98/5,2,25
546,Discrete Maths. : A Unified Approach,Witala,119.25,,,Mc Graw,,766500,DCSE/E/98/5,3,1
2825,An Integrated Approach to Software Engineering,Jalote,315,,,Narosa,,1056798,DCSE/E/98/5,3,2
3411,Data Mining concepts & techniques,"Han, Kamber & Jian Pei",,,,Elsevier,,1120578,DCSE/E/98/5,3,2
3001,Data Communications & Networking,Forouzan,435,,,Tata MCG,,1090277,DCSE/E/98/5,3,4
2819,Database System Concepts,Silberschatz,483,,,Mc Graw Hill,,1056790,DCSE/E/98/5,3,5
3177,Mathmatical Elements for Computer Graphics ,Rogers Adams,440,,,Tata MCG,,1113501,DCSE/E/98/5,3,6
2130,Schaum's Outlines Dis. Mathmatics,Lipschatz S.,225,,,Tata Mc Graw Hill,,932990,DCSE/E/98/5,3,7
2838,Computer Networks,Tanenbaum,375,,,Pearson Education,,1056812,DCSE/E/98/5,3,8
2837,Computer Networks,Tanenbaum,375,,,Pearson Education,,1056813,DCSE/E/98/5,3,9
3398,Wireless communications & Networks,William Stallings,,,,Pearson,,1120628,DCSE/E/98/5,3,10
2102,Operating Systems,Milenkovic,195,,,TMH,,936240,DCSE/E/98/5,3,11
2019,Algorithm,Cormen T.H.,275,,,PHI,,917107,DCSE/E/98/5,3,12
3302,Modern Information Retrieval,"Yates, R.B",449.1,,,Pearson,,1105805,DCSE/E/98/5,3,13
3413,Data Mining concepts & techniques,"Han, Kamber & Jian Pei",,,,Elsevier,,1120580,DCSE/E/98/5,3,14
3092,Data Communications & Networking,Forouzan,470,,,Tata MCG,,1113453,DCSE/E/98/5,3,15
3190,Operating Systems Concepts,"Silberschatz, Galvin",499,,,Wiley,,1113911,DCSE/E/98/5,3,16
2017,Algorithm,Cormen T.H.,,,,PHI,,907110,DCSE/E/98/5,3,17
3135,Fundamentals of Database Systems,Elmasri Navathe,525,,,Pearson,,1113487,DCSE/E/98/5,3,19
3442,Fubdamentals of Digital Image Processing,A. Jain,,,,Pearson,,1120558,DCSE/E/98/5,3,20
2723,Introduction to Digital Image Processing with Matlab,Acandrew,325,,,Cengage Learning,,1056900,DCSE/E/98/5,3,21
2818,Database System Concepts,Silberschatz,483,,,Mc Graw Hill,,1056791,DCSE/E/98/5,3,22
2565,System Analysis & Design,Elias M. Awad,385,,,Galgotia,,1064360,DCSE/E/98/5,3,23
2580,Digital Logic & Computer Design,M. Morris Mano,265,,,Pearson Education,,1064377,DCSE/E/98/5,3,24
3415,Data Mining concepts & techniques,"Han, Kamber & Jian Pei",,,,Elsevier,,1120577,DCSE/E/98/5,4,1
3327,Computer Network,Tanenbaum,485,,,Pearson,,1105735,DCSE/E/98/5,4,2
3133,Fundamentals of Database Systems,Elmasri Navathe,525,,,Pearson,,1113484,DCSE/E/98/5,4,3
3242,Cryptography & Network Security: Principles & Practices,"Stallings,W",425,,,Pearson,,1097715,DCSE/E/98/5,4,4
2584,Digital Logic & Computer Design,M. Morris Mano,265,,,Pearson Education,,1064380,DCSE/E/98/5,4,5
3091,Data Communications & Networking,Forouzan,470,,,Tata MCG,,1113454,DCSE/E/98/5,4,6
3081,Computer Oriented Numerical Methods,Rajaraman,95,,,PHI,,1113425,DCSE/E/98/5,4,7
2802,Introduction to Multiagent Systems,Michael W.,2898,,,Star Edu.,,1064805,DCSE/E/98/5,4,8
3396,Wireless communications & Networks,William Stallings,,,,Pearson,,1120625,DCSE/E/98/5,4,9
3433,Wireless communications Principles & practice,Rappaport,,,,Pearson,,1120558,DCSE/E/98/5,4,10
2849,Compilers,"Aho, Ullman",565,,,Pearson Education,,2849,DCSE/E/98/5,4,11
2847,Compilers,"Aho, Ullman",565,,,Pearson Education,,1056821,DCSE/E/98/5,4,12
2784,Theory of Computation,Sipser,255,,,Cengage Learning,,1056961,DCSE/E/98/5,4,13
3049,Computational Intelligence : A Logical Approach,Poole.D.,385,,,Oxford University Press,,1094731,DCSE/E/98/5,4,14
2964,Wireless Networking,Nicopolutidis,279,,,Wiley India,,1084012,DCSE/E/98/5,4,15
3366,Data Mining,"witten, Frank, Hall",,,,Elsevier,,1120584,DCSE/E/98/5,4,16
3425,Machine Learning,Mitchell,,,,McGRAW Hill,,1120607,DCSE/E/98/5,4,17
2759,Programming in MATLAB,Hernjter M.,395,,,Cengage Learning,,1056937,DCSE/E/98/5,4,18
3116,Artificial Intelligence ,"Rich,Knight,Nair",435,,,Tata MCG,,113398,DCSE/E/98/5,4,19
2016,Algorithm,Cormen T.H.,275,,,PHI,,2016,DCSE/E/98/5,4,20
2804,Computational Intelligence : An Introduction 2 ed.,Piea,5313,,,Star Edu.,,1064800,DCSE/E/98/5,4,20
113,"IBM PC-DOC Handbook,Ed.2","King,Richard Alan",60,,,BPB Pub.,,737193,CS/08-09/286/7,4,20
114,Assem.Lang.Tech. for the 8086-8088,"Erskine, Robert",90,,,Pitman,,737497,CS/08-09/286/7,4,15
402,Theory & Prob. Of Program with Basic,Gotthried,,3.95,,TMH,,763544,CS/08-09/286/7,5,2
403,Theory & Prob. Of Program with Basic,Gotthried,,3.95,,TMH,,763548,CS/08-09/286/7,4,19
404,Theory & Prob. Of Program with Basic,Gotthried,,3.95,,TMH,,763546,CS/08-09/286/7,4,18
405,Theory & Prob. Of Program with Basic,Gotthried,,3.95,,TMH,,763547,CS/08-09/286/7,5,3
1000,The Com. Astr. (Pocket Gui. & Caset),Hamlyn,635.43,,,,,780262,CS/08-09/286/7,5,8
1150,Prog. Lang. Des. & Implementation,Pratt,95,,,P.Hall,,806135,CS/08-09/286/7,4,9
1187,Intro. to Operation Research,Gillett,81,,,TMH,,807421,CS/08-09/286/7,4,10
1197,A II nd Cou. In Comp. Sc. With Pascal,McCraken,185.9,,,J.Wiley,,815394,CS/08-09/286/7,4,21
1254,Data Processing,Kroenke,100,,,Galgotia,,812478,CS/08-09/286/7,4,6
1255,Prog. With Adva. Structured COBOL,New Commer,189.8,,,Mc Graw,,812482,CS/08-09/286/7,4,7
1262,Artificial Intelligence ,Rich & Knight,150,,,TMH,,812483,CS/08-09/286/7,4,22
1263,Fundamentals of Computers,Raja Raman,55,,,PHI,,812490,CS/08-09/286/7,4,23
1266,Fundamentals of Computers,Raja Raman,55,,,PHI,,812494,CS/08-09/286/7,4,8
1270,Funda. Of Comp.Algorithms (REPLACE),Horowitz.E,,,,,,812498,CS/08-09/286/7,4,11
1271,Microcomputert Systems,Liv Gibson,100,,,Galgotia,,812499,CS/08-09/286/7,4,12
1272,Intro. to Auto. Theo. Lang. & Comp.,Hopcraft & Ullman,95,,,PHI,,1272,CS/08-09/286/7,4,4
1273,Computer Assisted Decision Models,Kapoor R.,100,,,Galgotia,,812648,CS/08-09/286/7,4,3
1276,Illustrated Turbo C++,Wang & Bibb,150,,,TMH,,812651,CS/08-09/286/7,4,24
1277,Programming in C++,Chirlian,70,,,CBS,,812654,CS/08-09/286/7,4,2
1278,Programming in C++,Chirlian,70,,,,,812653,CS/08-09/286/7,4,1
1284,Exploring Artificial Intelligence ,Shrobe,668.12,,,Morgan Kaufiman,,812224,CS/08-09/286/7,5,10
2012,Applied Discrete Structure,Joshi K.D.,210,,,New Age International,,910657,CS/08-09/286/7,4,13
2582,Digital Logic & Computer Design,M. Morris Mano,265,,,Pearson Education,,1064376,CS/08-09/286/7,5,7
2785,Theory of Computation,Sipser,255,,,Cengage Learning,,1056962,CS/08-09/286/7,4,17
2850,Compilers,"Aho, Ullman",565,,,Pearson Education,,1056823,CS/08-09/286/7,5,1
3046,Smart phone & Next Generation Mobile Computing,Zheng.P.,425,,,Elsevier,,1113390,CS/08-09/286/7,4,14
3182,Operating Systems Concepts,"Silberschatz, Galvin",499,,,Wiley,,113518,CS/08-09/286/7,5,6
3184,Operating Systems Concepts,"Silberschatz, Galvin",499,,,Wiley,,1113519,CS/08-09/286/7,5,5
3363,Data Mining,"witten, Frank, Hall",,,,Elsevier,,1120583,CS/08-09/286/7,5,4
3364,Data Mining,"witten, Frank, Hall",,,,Elsevier,,1120582,CS/08-09/286/7,4,16
3385,Intro. To language & theory of computation,martin,,,,McGRAW Hill,,1120630,CS/08-09/286/7,5,9
4,COBOL for Beginners,"Worth,Thomas",55,,,PHI,,812808,CS/E/99-1,1,4
1115,An Introduction to Database System,Desai,110,,,Galgotia,,812658,CS/E/99-1,1,1
1284,Exploring Artificial Intelligence ,Shrobe,668.12,,,Morgan Kaufiman,,812722,CS/E/99-1,1,2
1286,dBase III Plus Made Simple,Taxali,66,,,TMH,,812804,CS/E/99-1,1,7
1287,dBase III Plus Made Simple,Taxali,66,,,TMH,,812809,CS/E/99-1,1,8
1291,Introduction to Computer Science,Tremblay Bunt,,14.95,,TMH,,812801,CS/E/99-1,1,9
1292,Introduction to Computer Science,Tremblay Bunt,,14.95,,TMH,,812802,CS/E/99-1,1,10
1293,Introduction to Computer Science,Tremblay Bunt,,14.95,,TMH,,812803,CS/E/99-1,1,11
1294,Ux Sys. V/386 R. 4 Net. User & Ad. Gu.,AT & T,175,,,PHI,,812818,CS/E/99-1,1,12
1295,Ux Sys. V/386 R. 4 Pd. O/V & Mas Ind,AT & T,95,,,PHI,,812824,CS/E/99-1,1,13
1296,Ux Sys. V/386 R. 4 Sys. Adm. Ref. Man.,AT & T,225,,,PHI,,812820,CS/E/99-1,1,14
1297,Ux Sys. V/386 R. 4 Mouse Dr. Adm.Gu.,AT & T,125,,,PHI,,812822,CS/E/99-1,1,15
1298,Ux Sys. V/386 R. 4 User's Ref. Man..,AT & T,22,,,PHI,,812826,CS/E/99-1,1,16
1299,Ux Sys. V/386 R. 4 Sys. Adm. Guide.,AT & T,150,,,PHI,,812819,CS/E/99-1,1,17
1300,Ux Sys. V/386 R. 4 Net. User's Guide,AT & T,195,,,PHI,,812812,CS/E/99-1,1,18
1301,Ux Sys. V/386 R. 4 Prog. Ref. Manual,AT & T,175,,,PHI,,812821,CS/E/99-1,2,1
1302,Ux Sys. V/386 Prog. Gu: SCSI Dr. Int.,AT & T,59,,,PHI,,812829,CS/E/99-1,2,2
1303,Ux Sys. V R. 4 Pg Gu: ANSI Pg. Su. Tls.,AT & T,195,,,PHI,,812811,CS/E/99-1,2,3
1304,US V R. 4 P Gu: Ch U Int. FMLI & ETI,AT & T,195,,,PHI,,812814,CS/E/99-1,2,4
1305,Ux Sys. V R. 4 Prog. Gu Net. Interfaces,AT & T,195,,,PHI,,812813,CS/E/99-1,2,5
1307,Ux Sys. V R. 4 Prog. Gu POSIX Con.,AT & T,29,,,PHI,,812827,CS/E/99-1,2,6
1308,U S V R4 PG Sys Ser & App Pac Tools,AT & T,125,,,PHI,,812815,CS/E/99-1,2,7
1309,Ux Sys. V/386 R. 4 Dev Dr Int Ref Man,AT & T,95,,,PHI,,812825,CS/E/99-1,2,8
1310,Ux Sys. V R. 4 Prog. Guide Streaming,AT & T,135,,,PHI,,812810,CS/E/99-1,2,9
1311,Ux Sys V/386 R 4 Inte. Int. Develop.,AT & T,125,,,PHI,,812823,CS/E/99-1,2,10
1312,Ux Sys. V ANSI C Transition Guide,AT & T,29,,,PHI,,812817,CS/E/99-1,2,11
1313,Ux Sys. V R 4 BSD/Xenix Comp. Gu.,AT & T,95,,,PHI,,812816,CS/E/99-1,2,12
1314,Ux Sys. V/386 Rel 4 Migration Guide,AT & T,49,,,PHI,,812828,CS/E/99-1,2,13
1315,Data and Computer Communication,Stallings,,12.95,,PHI,,812830,CS/E/99-1,2,14
1316,Operation Research,Taha,460.95,,,McMillan,,812981,CS/E/99-1,2,15
1317,Linear Programming with Applications,Strayer J.K,88,,,Narosa ,,817044,CS/E/99-1,2,16
1318,Linear Programming with Applications,Strayer J.K,88,,,Narosa ,,817043,CS/E/99-1,2,17
1319,Algebra for Computer Science,"Garding L., Tabour T.",75,,,Narosa ,,817046,CS/E/99-1,2,18
1320,Algebra for Computer Science,"Garding L., Tabour T.",75,,,Narosa ,,817045,CS/E/99-1,2,19
1322,Comp. Aided Des. Soft. & Ana. Tools,Jalote P,275,,,Springer Verley,,817048,CS/E/99-1,2,20
1323,IBM PC and Clones,Govindrajalu,360,,,TMH,,817049,CS/E/99-1,2,21
1325,DOS 5 A to Z,Masters G.,295,,,BPB,,817052,CS/E/99-1,2,23
1326,DOS 5 A to Z,Masters G.,295,,,BPB,,817051,CS/E/99-1,2,24
1329,The C Ody. Win: Brave New World,Mukhi,225,,,BPB,,817056,CS/E/99-1,2,25
1330,The C Ody. OS/2 & PM into Inf World,Mukhi,225,,,BPB,,817058,CS/E/99-1,2,26
1332,The C Ody. Network & RDBMS,Mukhi,225,,,BPB,,817059,CS/E/99-1,3,1
1333,The C Ody. Unchatered Waters,Mukhi,225,,,BPB,,817054,CS/E/99-1,3,2
1334,Learn Lotus 1-2-3 in a Day,Stultz,36,,,BPB,,817060,CS/E/99-1,3,3
1335,Mailing Lists using dBase,Stultz,45,,,BPB,,807060,CS/E/99-1,3,4
1336,Presentation with Harvard Graphics,Hoath,45,,,BPB,,817062,CS/E/99-1,3,5
1337,Obj. Oriented Prog. Using Turbo C++,Smith,45,,,BPB,,817063,CS/E/99-1,3,6
1338,Write your own Prog. Using C++,Smith,45,,,BPB,,817064,CS/E/99-1,3,7
1339,Illustrated Turbo C++,Wang & Bibb,120,,,BPB,,817065,CS/E/99-1,3,8
1340,Programmer's Guide to the EGA / VGA,Sutty Blair,210,,,BPB,,817066,CS/E/99-1,3,9
1341,C with Assembly Language,Holzner,120,,,PHI,,817067,CS/E/99-1,3,10
1342,Mastering Windows 3.0,Cowart R.,120,,,BPB,,817069,CS/E/99-1,3,11
1344,The MSDOS Programmer's Handbook,Gunter,100,,,Galgotia,,817071,CS/E/99-1,3,12
1345,Windows 3 Secrets,Livingstone,396,,,Galgotia,,817072,CS/E/99-1,3,13
1346,"Intro, to Art. Intelligence & Expert Sys.",Patterson,89,,,Galgotia,,817074,CS/E/99-1,3,14
1347,Encyclopedia of Autocad Release 11,Thomas,375,,,PHI,,817068,CS/E/99-1,3,15
1348,Mastering C++,Woollard,360,,,BPB,,817073,CS/E/99-1,3,16
1349,C Programming,Holzner,110,,,BPB,,817075,CS/E/99-1,3,17
1350,Data Networks,Bertsekas Gallager,75,,,Galgotia,,817042,CS/E/99-1,3,18
1351,Data Networks,Bertsekas Gallager,75,,,PHI,,817041,CS/E/99-1,2,22
1352,A Practical Guide to Ventura,Mehta,54,,,SKW,,823791,CS/E/99-1,3,22
1353,Guide to SQL,Viescas,36,,,Microsoft,,823792,CS/E/99-1,3,23
1354,MSDOS Batch Files,,36,,,Microsoft,,823793,CS/E/99-1,3,19
1355,Write your own Prog. Using C++,Smith,45,,,BPB,,823794,CS/E/99-1,3,20
1356,Understanding the Norton Utilities,Dysin,480,,,TP,,823795,CS/E/99-1,3,21
1357,The Waites Gr. Obj. Ori. Prog. In C++,Cafore,250,,,Galgotia,,823796,CS/E/99-1,3,24
1359,The Waites Gr. Obj. Ori. Prog. In C++,Cafore,250,,,Galgotia,,823798,CS/E/99-1,3,25
1361,Infoword PC Secrets 1992,Halliday C.M,395,,,Galgotia,,873293,CS/E/99-1,3,28
1362,Vijay Mukhi's BC++ 3.0 for Windows,Fernades L.,180,,,BPB,,824075,CS/E/99-1,3,26
1363,Learn C in 3 Days (REPLACE),Aborlous.S,,,,,,824078,CS/E/99-1,3,29
1364,Data Networks,Bertsekas Gallager,225,,,BPB,,824077,CS/E/99-1,3,27
1365,Vijay Mukhi's Novell Net. 386 R 3.11,G. Hatikar,180,,,BPB,,824076,CS/E/99-1,4,1
1366,Workout C: Learn C through Exercises,Himmel D.,320,,,Galgotia,,824073,CS/E/99-1,4,2
1367,MSDOS Programmer's Handbook,Born,230,,,Galgotia,,824072,CS/E/99-1,4,3
1368,Obj. Oriented Prog. Using Turbo C++,Norman Smith,45,,,BPB,,824124,CS/E/99-1,4,4
1369,Super Charging Windows ,Robbins,490,,,Sybex,,824123,CS/E/99-1,4,5
1370,Waite Gr. Obj. Ori. Prog. In Turbo C++,Lafore R.,,,,,LOST,824122,CS/E/99-1,4,6
1371,The PC Data Handbook,Shell S.,75,,,BPB,,830166,CS/E/99-1,4,7
1372,Working with Unix,Mukhi's V.,150,,,BPB,,830167,CS/E/99-1,4,8
1373,Mathmatical Elem. Of Comp Graphics,Rogers Adams,,9.5,,Mc Graw,,830168,CS/E/99-1,4,9
1374,Mathmatical Elem. Of Comp Graphics,Rogers Adams,,9.5,,Mc Graw,,830169,CS/E/99-1,4,10
1375,Mastering DOS 5,Robbins J.,180,,,BPB,,830610,CS/E/99-1,4,11
1376,Inside Norton Utilities 6.0,Krumm R.,125,,,PHI,,830611,CS/E/99-1,4,12
1377,Compiler Design in C,Holub A.I.,175,,,PHI,,830852,CS/E/99-1,4,13
1378,Compiler Design in C,Holub A.I.,175,,,PHI,,830851,CS/E/99-1,4,14
1379,Software Engineering,Shooman M.L.,323,,,Mc Graw,,826619,CS/E/99-1,4,15
1380,Software Engineering,Pressman,290.87,,,Mc Graw,,826620,CS/E/99-1,4,16
1381,Graphics Prog. In C,Stevens R.J,240,,,BPB,,833311,CS/E/99-1,4,17
1382,Turbo C++ Tech. and Application,Ladd S.R,150,,,BPB,,833312,CS/E/99-1,4,18
1383,Clean Coding Borland C++,Traister,99,,,BPB,,833313,CS/E/99-1,4,19
1384,Unix Conceptsn & Applications (REPLACE),Das S.,,,,,,1384,CS/E/99-2,4,20
1385,Unix System V.4,Das S.,195,,,BPB,,833315,CS/E/99-3,4,21
1386,BC++ under Win Test by Parikh,Mukhi S.V,60,,,BPB,,833316,CS/E/99-4,4,22
1387,Theo. Of Com. Sc. Auto. Lang. & Compu.,Mishra & Chandra,95,,,P.Hall,,833318,CS/E/99-5,4,23
1388,dBase III Plus IV Test,Mukhi S.V,39,,,BPB,,833317,CS/E/99-6,4,24
1389,Graphic User Interface Prog. with C,Landymon R.F,150,,,BPB,,833319,CS/E/99-7,4,25
1390,The A to Z of PC Virus Protection,Tiwan A.B,40,,,Khanna Pub.,,833320,CS/E/99-8,4,26
1392,Introduction to Pascal,Mathur's,250,,,TMH,,838499,CS/E/99-9,5,1
1393,Introduction to Pascal,Mathur's,250,,,TMH,,838501,CS/E/99-10,5,3
1394,OOP in Turbo C++ (REPLACE),Lofore,,,,,,1394,CS/E/99-11,5,2
1395,Comp. Architecture & Organisation,Hwang & Briggs,,10.5,,Mc Graw,,838503,CS/E/99-12,5,4
1396,Comp. Architecture & Organisation,Hwang & Briggs,,10.5,,Mc Graw,,838504,CS/E/99-13,5,5
1397,Fundamentals of Computers (REPLACE),Raja Raman,,,,,,1397,CS/E/99-14,5,14
1398,Mastering Page Maker 4 on IBM PC,Altman & Altman,120,,,BPB,,842149,CS/E/99-1,5,6
1399,Pascal Programming,Das P.P,90,,,Jaico,,842150,CS/E/99-1,5,7
1400,DOS 5: A Developer's Guide,Williams,180,,,BPB,,842151,CS/E/99-1,5,8
1401,Mastering DOS 6,Robbins,195,,,BPB,,842152,CS/E/99-1,5,9
1402,Operation System,Ritchie,75,,,BPB,,849582,CS/E/99-1,5,10
1403,Relational Database Theo. & Practice,Val Occardi,75,,,BPB,,849583,CS/E/99-1,5,11
1404,Convert to C and C++,Holems B.J,90,,,BPB,,849584,CS/E/99-1,5,12
1405,Fun withFractals(Disk),Robbins,375,,,Sybex,,859585,CS/E/99-1,5,13
1406,Mastering Corel Draw 3,Rimmer S.,525,,,Tech.,,842295,CS/E/99-1,5,15
1407,Mastreing Page Maker 5 for Windows,Altman & Altman,270,,,BPB,,842296,CS/E/99-1,5,16
1408,Graphics Prog. With Turbo Pascal,Tanik,50,,,Learuirs Press,,842297,CS/E/99-1,5,17
1409, Corel Draw 3.0,Vijay Mukhi,180,,,BPB,,842298,CS/E/99-1,5,18
1410,Learn Coral Draw in a Day,Paulson,45,,,BPB,,842299,CS/E/99-1,5,19
1411, Corel Draw 3 Instant References,Padwick,90,,,Sybex,,842300,CS/E/99-1,5,20
1412,Computer Viruses,Kapur,75,,,BPB,,850087,CS/E/99-1,5,21
1414,10 Minutes Guide to Foxbase + 2.10,Mehta,70,,,Galgotia,,850089,CS/E/99-1,5,22
1415,Super Computers,Raja Raman V.,50,,,Wiely,,850090,CS/E/99-1,5,23
1416,An Inte. Approach to Software Engg.,Jalote,130,,,Narosa ,,850091,CS/E/99-1,5,24
1417,Systems Programming & Op. System,Dhamdhere,120,,,TMS,,850092,CS/E/99-1,5,25
1418,Mastering Word 6 for Windows,Mansfield R.,350,,,BPB,,850093,CS/E/99-1,5,26
1419,Advanced Assembly Language,Holzner,135,,,PHI,,850094,CS/E/99-1,5,27
1420,2000 Solved Problems in Electronics.,Calhey,263.94,,,Mc Graw,,850095,CS/E/99-1,5,28
1775,dBase III Plus Made Simple,Taxali,120,,,Mc Graw,,812807,CS/E/99-1,1,3
1776,dBase III Plus Made Simple,Taxali,120,,,Mc Graw,,812806,CS/E/99-1,1,5
1777,dBase III Plus Made Simple,Taxali,120,,,Mc Graw,,812805,CS/E/99-1,1,6
651,Fuzzy Math Appr. to Pattern Recogni.,Pal S.K & Majumdar,125,,,,,701772,CS/E/99-2,1,1
652,Design of Microprocessor Based Sys.,Bansal,40,,,Wiley,,701773,CS/E/99-2,1,2
653,Prog. & Computing with Fortran IV,Grover,14.5,,,Allied,,701774,CS/E/99-2,1,3
654,Analog Computation & Simulation,Raja Raman,27,,,P.H.I,,701775,CS/E/99-2,1,4
656,Computer Programming in Pascal,Raja Raman,35,,,P.H.I,,701777,CS/E/99-2,1,5
657,Computer Oriented Num. Method 2 ed,Raja Raman,25,,,P.H.I,,701778,CS/E/99-2,1,6
658,Modern Control System Theory,Gopal,48,,,Wiley,,701779,CS/E/99-2,1,7
659,Stru. Prog. & Prob. Solv. With Pascal,Kieburtz,192.85,,,P.H.I,,701780,CS/E/99-2,1,8
660,Computer in the Life Science,Lewis,181.09,,,CH,,701781,CS/E/99-2,1,10
661,Deve. Comp. Sol. For your Busi. Prob.,Peterson H.N,283.15,,,P/H,,701782,CS/E/99-2,1,9
662,Trans. & Display of Prac. Information,Peurson D.E,257.35,,,Wiley,,701783,CS/E/99-2,1,11
663,Research Design in General Semantics,Johnson,867.52,,,G & B,,701784,CS/E/99-2,1,12
664,Computer Architecture,Foster,257.35,,,V H R,,701785,CS/E/99-2,1,13
665,Descision Table Languages & Sys.,Metzner & Barnes,457.5,,,AP,,701786,CS/E/99-2,1,14
666,Microcomp. Software Buyer's Guide,Webster & Chapion,257.35,,,Mc Graw,,701787,CS/E/99-2,1,15
667,Microcomp. Buyer's Guide,Webster ,257.35,,,Mc Graw,,701788,CS/E/99-2,1,16
668,Programming in Fortan IV,Sharma,37,,,EWP,,701789,CS/E/99-2,1,17
669,8080 Machine Lang. Prog. For Beginners,Santore,,,,DP,,701790,CS/E/99-2,1,18
670,Elements of Fortran IV,Benzer,,,,GPC,,701791,CS/E/99-2,1,19
671,Problem Solving Using P/LC,"Richardson, Birkm",,,,Wiley,,701792,CS/E/99-2,1,20
672,µprog. Con & Rel. Des. Of small Comp.,Kraft Toy,535.35,,,P / H ,,701793,CS/E/99-2,1,21
673,Microsoft COBOL,,,,,Microsoft,,758378,CS/E/99-2,1,22
674,Microsoft COBOL,,,,,Microsoft,,758376,CS/E/99-2,1,23
675,Unix System V: Programmers Guides,,,,,,LOST,767286,CS/E/99-2,1,24
677,8087/80287/80387 for IBM PC & Com.,Startz,419.16,,,Brady,,767287,CS/E/99-2,1,25
678,Introduction to Computer Theory,Cohen,398.16,,,J. Wiely,,767288,CS/E/99-2,1,26
679,Introduction to Computer Theory,Cohen,398.16,,,,,767289,CS/E/99-2,1,27
680,COBOL Programming,Balaguruswamy,64,,,Mc Millan,,767290,CS/E/99-2,1,28
681,App. Dis. Stru. for Computer Science,Doerr Levasseur,70,,,Galgotia,,767291,CS/E/99-2,1,29
682,Programmers Guide to the IBM PC,Norton,368.76,,,Microsoft,,767270,CS/E/99-2,1,30
683,The Programmers PC Source Book,Hogan,419.16,,,Microsoft,,767271,CS/E/99-2,1,31
684,Artificial Intelligence Using C,Schildt,394.8,,,Mc Graw,,767272,CS/E/99-2,1,32
685,Quick C Bible,Barkakati,419.16,,,Jyoward W.Sams,,767273,CS/E/99-2,1,33
686,Quick C Programming,Moore,335.16,,,Microsoft,,767274,CS/E/99-2,1,34
687,Introduction to Computer Science,Tremblay Bunt,468.72,,,Mc Graw,,767276,CS/E/99-2,1,35
688,Introduction to Computer Science,Tremblay Bunt,468.72,,,Mc Graw,,767275,CS/E/99-2,1,36
689,Unix System V,Morgan McGilton,116.76,,,Mc Graw,,767277,CS/E/99-2,2,2
690,Prog. Guide to the Hercules Gra.Cards,Doty,419.16,,,A.Wesley,,767278,CS/E/99-2,2,1
691,Complete Language,Troy,419.16,,,Little Brown,,767279,CS/E/99-2,2,3
692,Prog.  with Adva. Structured COBOL,New Comer,415.8,,,Mc Graw,,767280,CS/E/99-2,2,4
693,Prog.  with Adva. Structured COBOL,New Comer,415.8,,,Mc Graw,,767284,CS/E/99-2,2,5
694,Prog.  with Adva. Structured COBOL,New Comer,415.8,,,Mc Graw,,767283,CS/E/99-2,2,6
695,Prog. With Adva. Structured COBOL,New Comer,,,,,LOST,767281,CS/E/99-2,2,7
697,File Organization & Processing,Tharp,129.36,,,J.Wiley,,767260,CS/E/99-2,2,8
698,A Simpli. Gu. to Struc. COBOL Prog.,McCracken Golden,84,,,J.Wiley,,767261,CS/E/99-2,2,9
699,Strucctured COBOL Programming,Stern,487.2,,,J.Wiley,,767262,CS/E/99-2,2,10
700,Strucctured COBOL Programming,Stern,487.2,,,J.Wiley,,767263,CS/E/99-2,2,11
701,A second course in Computer Science,McCracken,,,,,LOST,767265,CS/E/99-2,2,13
703,Computer Architecture,Das Gupta,94.44,,,J.Wiley,,767266,CS/E/99-2,2,12
705,Lect.on Num. Meth. In Bifurca. Prob.,Keller,25,,,Narosa,,767268,CS/E/99-2,2,15
708,Mastering DOS,Robbins,150,,,BPB,,767245,CS/E/99-2,2,16
709,Mastering Xenix,Hahn,,,,,LOST,767250,CS/E/99-2,2,14
710,Mastering Xenix ,Hahn,90,,,BPB,,767248,CS/E/99-2,2,17
711,Mastering Xenix ,Hahn,90,,,BPB,,767246,CS/E/99-2,2,18
712,Mastering Xenix ,Hahn,90,,,BPB,,767247,CS/E/99-2,2,19
713,Mastering Xenix ,Hahn,90,,,BPB,,767249,CS/E/99-2,2,20
714,Norton Utilities,Evans,42,,,BPB,,767251,CS/E/99-2,2,21
715,8086/8088/80286 Assembly Language,Scanlon,420,,,Bready,,767252,CS/E/99-2,2,22
716,Advanced Assembly Language,Holzner,445.2,,,Bready,,767253,CS/E/99-2,2,23
717,Inside the IBM PC ,Norton,840,,,Bready,,767255,CS/E/99-2,2,24
718,Inside the IBM PC ,Norton,840,,,Bready,,767254,CS/E/99-2,2,25
719,A First Book of C ,Bronson Menconi,84,,,JAICO,,767256,CS/E/99-2,2,26
720,DOS Programmers,Dettmann,419.16,,,QUE,,767257,CS/E/99-2,2,27
721,Discrete Mathmatics with Algorithms,Albertson Hutchinson,257.04,,,Wiely,,767258,CS/E/99-2,2,28
722,Discrete Mathmatics with Algorithms,Albertson Hutchinson,257.04,,,Wiely,,767259,CS/E/99-2,2,29
724,High Level Lang. & their Compilers,Watson D.,735,,,A.Wesley,,767316,CS/E/99-2,2,30
725,Prog. & Problem Solving with Pascal,Graham N.,65,,,Jaico,,767318,CS/E/99-2,2,31
726,Prog. & Problem Solving with Pascal,Graham N.,65,,,Jaico,,767217,CS/E/99-2,2,32
727,Principles of Parallel & Multiproce.,Desrochers,142.8,,,McGraw,,767321,CS/E/99-2,3,1
728,Comprehensive Guide to Turbo Pascal,Levine Drang et al.,126,,,McGraw,,767322,CS/E/99-2,3,2
729,C Data Base Development, Stevens,200.76,,,McGraw,,767323,CS/E/99-2,3,3
730,Artificial Intelligence & Expert Sys. Devel.,Rolston,126,,,McGraw,,767324,CS/E/99-2,3,4
731,Numerical Methods for Engineers,"Chapra, Canale",142.8,,,McGraw,,767325,CS/E/99-2,3,5
732,Principles of dBase Management,Martin,75,,,P.H.I,,767327,CS/E/99-2,3,6
733,Principles of dBase Management,Martin,75,,,P.H.I,,767326,CS/E/99-2,3,7
734,Advanced Graphics in C Prog. & Tech.,Johnson,445.2,,,MGH,,767365,CS/E/99-2,3,8
735,Num. Recipes Art of Scientific Comp.,Press Flannery et al.,770,,,Cambridge University Press,,761634,CS/E/99-2,3,9
736,Numerical Recipes in C,Press Flannery et al.,770,,,Cambridge University Press,,761635,CS/E/99-2,3,11
737,Numerical Recipes Example Book C,Vetterling T. et al.,420,,,Cambridge University Press,,761636,CS/E/99-2,3,12
738,Numerical Recipes Example Book (Pascal),Vetterling T. et al.,490.2,,,Cambridge University Press,,761637,CS/E/99-2,3,13
739,Numerical Recipes Example Book (Fortan),Vetterling T. et al.,490.2,,,Cambridge University Press,,761638,CS/E/99-2,3,15
740,The C Programming Language,Kernighan Ritchie.,,,,P.H.I,,767620,CS/E/99-2,3,10
741,The C Programming Language,Kernighan Ritchie.,,,,P.H.I,,767618,CS/E/99-2,3,14
742,The C Programming Language,Kernighan Ritchie.,,,,P.H.I,,767619,CS/E/99-2,3,16
743,The C Programming Language,Kernighan Ritchie.,,,,P.H.I,,767616,CS/E/99-2,3,18
744,The C Programming Language,Kernighan Ritchie.,,,,P.H.I,,767617,CS/E/99-2,3,19
745,The C Answer Book,Tondo Gimpel,,,,P.H.I,,767621,CS/E/99-2,3,17
747,How to solve it by Computer,Dromey,45,,,P.H.I,,761692,CS/E/99-2,3,20
748,How to solve it by Computer,Dromey,45,,,P.H.I,,761696,CS/E/99-2,3,21
749,How to solve it by Computer,Dromey,45,,,P.H.I,,761690,CS/E/99-2,3,22
750,How to solve it by Computer,Dromey,45,,,P.H.I,,761689,CS/E/99-2,3,23
751,How to solve it by Computer,Dromey,45,,,P.H.I,,761688,CS/E/99-2,3,24
752,How to solve it by Computer,Dromey,45,,,P.H.I,,761687,CS/E/99-2,3,25
753,How to solve it by Computer,Dromey,45,,,P.H.I,,761693,CS/E/99-2,3,26
754,How to solve it by Computer,Dromey,45,,,P.H.I,,761691,CS/E/99-2,3,27
755,How to solve it by Computer,Dromey,45,,,P.H.I,,761695,CS/E/99-2,3,28
756,How to solve it by Computer,Dromey,45,,,P.H.I,,761694,CS/E/99-2,3,29
757,Auto Cad Productivity Book,Schaefer B.,95,,,Galgotia,,767702,CS/E/99-2,3,31
758,COBOL Programming,Roy Dastidar,51,,,T.M.H,,767703,CS/E/99-2,3,30
759,Prog. & Problem Solving with Pascal,Graham ,65,,,JAICO,,767704,CS/E/99-2,3,31
760,Programming in C,Kochan,50,,,CBS,,767705,CS/E/99-2,3,32
761,Understading & Using dBase III Plus,Ross,60,,,JAICO,,767706,CS/E/99-2,3,33
762,Unix the Book,Banahan Rutter,60,,,GP,,767707,CS/E/99-2,3,34
763,Expert System,Naylor,,,,GALGOTIA,,767708,CS/E/99-2,3,35
764,Parallel Processing,A.Carling,,,,,,767709,CS/E/99-2,3,36
765,Expert System for PC,Chadwick Hannah,,,,,,767710,CS/E/99-2,3,37
766,How to solve it in Lisp,Hall,,,,,,767711,CS/E/99-2,3,38
767,Advanced Techniques in Auto Cad,Thomas,,,,,,767712,CS/E/99-2,4,6
768,Wordstar Instant Reference,Clark,,,,,,767713,CS/E/99-2,4,2
771,Digital Fundamentals,Floyd,75,,,UBS,,767847,CS/E/99-2,4,7
775,dBase III Plus for Beginners,Mathur,65,,,Galgotia,,767849,CS/E/99-2,4,11
776,Mastering Turbo C,Bootle,90,,,BPB,,767850,CS/E/99-2,4,8
777,Mastering Turbo C,Bootle,90,,,BPB,,767851,CS/E/99-2,4,9
778,Mod. & Ana. Of Comp. Comm. Net.,Hayes,65,,,,,767841,CS/E/99-2,4,10
780,Prin. of Interactive Comp. Graphics,Necoman Sproull,147.9,,,Mc Graw,,767843,CS/E/99-2,4,12
781,Principles of dBase Management,Martin,75,,,P.H.I,,767844,CS/E/99-2,4,13
782,Principles of dBase Management,Martin,75,,,P.H.I,,767845,CS/E/99-2,4,14
783,Principles of dBase Management,Martin,75,,,P.H.I,,767846,CS/E/99-2,4,15
784,The Off. Borland Turbo C Sur. Guide,Miller,565.5,,,J.Wiley,,767881,CS/E/99-2,4,16
785,DOS 4.0 References,Christipher,190.53,,,J.Wiley,,767882,CS/E/99-2,4,17
786,From Pascal to C,Brow,55,,,Narosa,,767883,CS/E/99-2,4,18
787,PC Magazine DOS Power Tools,Somerson,782.13,,,Bantam,,767884,CS/E/99-2,4,19
788,Theory of Computation,Wood,1668.66,,,J.Wiley,,767885,CS/E/99-2,4,20
789,Theory of Computation,Wood,1668.66,,,J.Wiley,,767886,CS/E/99-2,4,21
790,Fundamentals of Computers,"Raja Raman,V.",48,,,J.Wiley,,769995,CS/E/99-2,4,22
791,Fundamentals of Computers,"Raja Raman,V.",48,,,J.Wiley,,769996,CS/E/99-2,4,23
792,Fundamentals of Computers,"Raja Raman,V.",48,,,J.Wiley,,7699993,CS/E/99-2,4,24
793,Fundamentals of Computers,"Raja Raman,V.",48,,,J.Wiley,,769994,CS/E/99-2,4,25
797,Digital Fundamentals,Floyd,75,,,UBS,,767839,CS/E/99-2,4,5
823,Clipper Programming Guide,Spence,90,,,BPB,,775384,CS/E/99-2,5,1
825,Illustrated C Programming,Beam,60,,,BPB,,775382,CS/E/99-2,5,2
808,Operating System Design & Imple.,Tanenbaum,,,,,LOST,767837,CS/E/99-2,4,3
824,Clipper dBase Compiler Application,Beam,54,,,BPB,,775383,CS/E/99-2,5,3
799,Operating Sys.Design,Comer Fossum,,16.95,,P.H.I,,770137,CS/E/99-2,5,4
798,Digital Fundamentals,Floyd,75,,,UBS,,762313,CS/E/99-2,5,5
800,Operating Sys.Design,Comer Fossum,,16.95,,P.H.I,,770138,CS/E/99-3,5,6
801,Comp. Graphics Software Construction,Rankin,,15.95,,P.H.I,,770136,CS/E/99-4,5,7
802,Understading & Using Wordstar,Lund,45,,,Jaico,,770139,CS/E/99-5,5,8
826,User Interfaces in C,Goodwin,75,,,BPB,,775381,CS/E/99-2,5,9
822,Using Assembly Language,Wyatt,240,,,BPB,,775379,CS/E/99-2,5,10
819,National Language Processing in Lisp,Guzdar,677.73,,,,,775394,CS/E/99-2,5,11
805,Programming with Pascal,Sridhar,,,,Oxford,,762311,CS/E/99-7,5,12
803,Computer Architecture & Organisation,Hayes,,,,Mc Graw,,762312,CS/E/99-6,5,13
818,Uses & Applications in dBase III Plus,Smith,95,,,Galgotia,,762320,CS/E/99-2,5,14
817,Theory & Problem of Boolean Algebra,Mendelson,78.3,,,Mc Graw,,762318,CS/E/99-2,5,15
810,Operating System Design & Implem.,Tanenbaum,95,,,P.H.I,,762306,CS/E/99-2,5,16
809,Operating System Design & Implem.,Tanenbaum,95,,,P.H.I,,762305,CS/E/99-2,5,17
806,Unix a programming guide,prata,,,,,,806,CS/E/99-8,5,18
807,C Programming Tutor,Wortman,59,,,P.H.I,,762309,CS/E/99-9,5,19
816,dBase III Plus for Programming,Prague,60,,,BPB,,762321,CS/E/99-2,5,20
812,Proc. Elements for Computer Graphics,Rogers,113.1,,,Mc Graw,,762315,CS/E/99-2,5,21
813,Proc. Elements for Computer Graphics,Rogers,113.1,,,Mc Graw,,762316,CS/E/99-2,5,22
815,dBase III Plus for Beginners,Mathur,65,,,Galgotia,,762319,CS/E/99-2,5,23
814,Discrete Math,Wiitala,,,,McGraw,,762317,CS/E/99-2,5,24
820,National Language Processing in Prolog,Guzdar,677.73,,,,,762317,CS/E/99-2,5,25
821,Compilers Principles Tech. & Tools,Aho,289.1,,,,,775395,CS/E/99-2,5,26
830,Unix Programming on the 80286/386,Deikman,75,,,BPB,,775390,CS/E/99-2,5,27
828,Wordstar Instant References,Clark,36,,,BPB,,775392,CS/E/99-2,5,28
829,Unix Power Utilities,Muster,,,,BPB,,775391,CS/E/99-2,5,29
770,IBM pc,Peter abel,,,,PHI,,767838,CS/E/99-2,4,4
827,Teach Yourself C,Siegel,,,,BPB,,775380,CS/E/99-2,4,1
1421,Advanced Graphics  Prog. In C & C++,"Stevens RT, Watkings",350,,,BPB,,850233,CS/E/99-3,1,1
1423,P.C Plus Step by Step Visual Basic,Morris,250,,,PHI,,842537,CS/E/99-3,1,2
1424,Prog. O/P Device Driver using BC++,Smith,112,,,Jaico,,842538,CS/E/99-3,1,3
1425,C++ Components & Algo. (Disk),Ladd,45,,,BPB,,842532,CS/E/99-3,1,4
1429,Fundamentals of Software Engg.,Ghezzi C.,150,,,PHI,,851568,CS/E/99-3,1,5
1430,Programming in C++,Dewhurst Stark,59,,,PHI,,851569,CS/E/99-3,1,6
2864,Fundamental of Software Engg.,Carlo Ghezzi,495,,,PHI Learning,,851568,CS/E/99-3,1,7
1427,Vijai Muckhi Mastering Oracle 6.0,Serpes,180,,,BPB,,851566,CS/E/99-3,1,8
1431,Neural Network & Fuzzy Systems,Kasko,175,,,PHI,,851570,CS/E/99-3,1,9
1432,File Format Handbook,Taylor,280,,,Vision Books,,853118,CS/E/99-3,1,10
1433,Vijai Muckhi Dymic Data Exchange,Natham,280,,,Vision Books,,853119,CS/E/99-3,1,11
1428,Programming in C++,Dewhurst Stark,150,,,Galgotia,,851567,CS/E/99-3,1,12
1434,The Wonders of Power Builders 3.0,Mukhi,145,,,Vision Books,,853120,CS/E/99-3,1,13
1435,Kamsutra of Windows,Mukhi,90,,,Vision Books,,853121,CS/E/99-3,1,14
1436,PC Magazine C++ Comm. Utilities,Holems,275,,,BPB,,853122,CS/E/99-3,1,15
1437,PC Mag. Guide to Client/Ser. Database,Saleum,180,,,BPB,,853124,CS/E/99-3,1,16
1438,Client/Server Computing with Oracle,Saleum,180,,,BPB,,853123,CS/E/99-3,1,17
1439,Developing Client/Server Applications,Inmon,195,,,BPB,,853125,CS/E/99-3,1,18
1440,SQL Spoken Here,Sayles,120,,,BPB,,853126,CS/E/99-3,1,19
1441,Understanding SQL,Gruber M.,150,,,BPB,,853127,CS/E/99-3,1,20
1442,Win Rapid Application Development,Sarua,275,,,BPB,,853128,CS/E/99-3,1,21
1443,Win 3.1: A Develpoers Guide (BPB),Ritcher,270,,,BPB,,853129,CS/E/99-3,1,22
1444,Programming for Windows,Anand,36,,,BPB,,853130,CS/E/99-3,1,23
1485,2000 Solved Example in Dis. Maths,Lipschultz,251.22,,,,,873677,CS/E/99-3,1,24
1445,The Sound Blaster Book,Munnik,270,,,BPB,,853131,CS/E/99-3,1,25
1446,Vijai Muckhi Mastering Oracle 6.0,Serpes M.,180,,,BPB,,858854,CS/E/99-3,1,26
1447,Vijai Muckhi Mastering Oracle 6.0,Serpes M.,180,,,BPB,,858853,CS/E/99-3,1,27
1448,Programming in Fortran 77,Ramkumar,81,,,TMH,,858856,CS/E/99-3,1,28
1449,Programming in Fortran 77,Ramkumar,81,,,TMH,,858855,CS/E/99-3,1,29
1450,Understanding Oracle,Perry Lateur,180,,,BPB,,858857,CS/E/99-3,1,30
1489,The Maple Handbook,Redfren,998.4,,,Mc Graw,,873657,CS/E/99-3,1,31
1567,Object Oriental Prog. With C++,Balaguruswamy,96,,,TMH,,878151,CS/E/99-3,1,32
1451,Microcomputer Systems,Liv Gibson,110,,,PHI,,858859,CS/E/99-3,1,33
1452,Microcomputers Systems,Liv Gibson,,,,,LOST,860378,CS/E/99-3,2,1
1454,C Language Programming,Kernighan Richi,,,,,LOST,860428,CS/E/99-3,2,2
1456,Digital Fundamentals,Floyd,135,,,UBS,,860429,CS/E/99-3,2,3
1457,Microcomputer Systems,Liv Gibson,110,,,PHI,,860430,CS/E/99-3,2,4
1458,Graphics Programming Solutions,Sanchez & Canton,1357.22,,,Mc Graw,,861460,CS/E/99-3,2,5
1459,C++ Database Development,Stevens,,,,,,861293,CS/E/99-3,2,6
1460,Teach Yourself Visual Basic,Socha Hall,195,,,BPB,,861294,CS/E/99-3,2,7
1461,The Quick & Easyway to Learn,PC Learning Labs,225,,,BPB,,861295,CS/E/99-3,2,8
1462,Vijay Mukhi Oracle 6.0: The Basics,Kamdar,135,,,BPB,,861296,CS/E/99-3,2,9
1463,Visual Basic Utilities,Bonner,240,,,BPB,,861297,CS/E/99-3,2,10
1464,Windows Programming with B C++,Oualline,300,,,BPB,,861298,CS/E/99-3,2,11
1465,Visual Basic Prog. For Dummies,Wang,135,,,Pustak Mahal,,867300,CS/E/99-3,2,12
1466,C for Dummies,Goodkin,150,,,Pustak Mahal,,861299,CS/E/99-3,2,13
1467,Obj. Oriented Prog. Using  C++ for Dumm.,Wang,135,,,Pustak Mahal,,861301,CS/E/99-3,2,14
1468,Borland C++4 Obj. Oriented Prog.,Hyman,150,,,Pustak Mahal,,861302,CS/E/99-3,2,15
1469,Visual C++ Programming,V.Holzner,295,,,Pustak Mahal,,861304,CS/E/99-3,2,16
1470,Type & Learn C,Swan,245,,,Pustak Mahal,,861303,CS/E/99-3,2,17
1471,Object Oriented Programming in C++,Barkakati,150,,,PHI,,861406,CS/E/99-3,2,18
1472,Borland C++4 Obj. Oriented Prog.,Faison,225,,,PHI,,861407,CS/E/99-3,2,19
1473,Dis. Mathematics & it's Application,Rosen,458.2,,,Mc Graw,,861455,CS/E/99-3,2,20
1474,Advanced Computer Architecture,Hwang & Briggs,90,,,Mc Graw,,861456,CS/E/99-3,2,21
1475,Advanced Computer Architecture,Hwang & Briggs,90,,,Mc Graw,,861457,CS/E/99-3,2,22
1476,Norton Utilities,Evans,125,,,Mc Graw,,861458,CS/E/99-3,2,23
1477,Windows NT,Wyatt,568.8,,,Mc Graw,,861459,CS/E/99-3,2,24
1478,The C Odyssey Window the brave new World (REPLACE),Gandhi.M,,,,,,873670,CS/E/99-3,2,25
1479,Windows Prog. With Borland C++,Oualline,300,,,BPB,,873671,CS/E/99-3,2,26
1481,Mastering Autocad,Quura,110,,,PHI,,873673,CS/E/99-3,3,1
1482,Computer Programming in C,Raja Raman ,125,,,PHI,,873674,CS/E/99-3,3,2
1486,Clipper 5.2 Power Program,Spence,225,,,TMH,,873681,CS/E/99-3,3,4
1487,Comp. Arch A Des. Txt. On Genric Risk,Feldman,300.2,,,Mc Graw,,873682,CS/E/99-3,3,5
1490,dBase IV & Structured Query Lang.,Chandra,150,,,,,873683,CS/E/99-3,3,6
1491,Foundations of Parallel Processing,Ghose,125,,,,,873684,CS/E/99-3,3,7
1492,Polishing Windows,Jewell,1262.42,,,,,873685,CS/E/99-3,3,8
1493,Maple V Language References Manual,Char,375,,,,,861462,CS/E/99-3,3,9
1494,Maple V: Library Reference Manual,Char,,,,,,861461,CS/E/99-3,3,10
1495,Understanding Oracle,"Perry JT, Shatree JG",195,,,BPB,,873665,CS/E/99-3,3,11
1496,Understanding Oracle,"Perry JT, Shatree JG",195,,,BPB,,873668,CS/E/99-3,3,12
1497,Understanding Oracle,"Perry JT, Shatree JG",195,,,BPB,,873639,CS/E/99-3,3,13
1498,Understanding Oracle,"Perry JT, Shatree JG",195,,,BPB,,873667,CS/E/99-3,3,14
1499,Understanding Oracle,"Perry JT, Shatree JG",195,,,BPB,,873664,CS/E/99-3,3,15
1500,Understanding Oracle,"Perry JT, Shatree JG",195,,,BPB,,873666,CS/E/99-3,3,16
1501,Real Time System Design,Levi ST,,,,,,861475,CS/E/99-3,3,17
1502,Data Abstruction,Bergin J,1063.47,,,,,861476,CS/E/99-3,3,18
1503,Converting C to Turbo C++,Dorfman L,,,,,,861477,CS/E/99-3,3,19
1505,Mastering Win Utilities Prog. With C++,Young,525,,,Sybex,,861584,CS/E/99-3,3,20
1506,Multimedia on the PC,Sinclair,99,,,BPB,,861565,CS/E/99-3,3,21
1507,Windows 3.1 Instant Reference,Mosley,54,,,BPB,,861586,CS/E/99-3,3,22
1508,Using Windows 3.1,Person,,,,,,861558,CS/E/99-3,3,23
1480,dBase IV 1.5 Developer HB,Dick Lev,150,,,BPB,,863672,CS/E/99-3,3,24
1538,C/C++ Tips,Jamsa K.,250,,,Galgotia,,855845,CS/E/99-3,3,25
1537,Window Programming Primer First,Conger Jim,788.42,,,Mc Graw,,855844,CS/E/99-3,3,26
1539,C Projects ,Kantekar Y.,295,,,Galgotia,,855846,CS/E/99-3,3,28
1536,Image Processing,Ahmed Sid M.A,120,,,BPB,,875891,CS/E/99-3,3,27
1557,Visual Basic Multimedia,Jard S.,230,,,Galgotia,,855864,CS/E/99-3,4,1
1558,Zen of Code Optimization,Abrash,230,,,Galgotia,,855865,CS/E/99-3,4,2
1560,Graphics Programming & Animation,Jungck P.,150,,,BPB,,855867,CS/E/99-3,4,3
1561,Windows Custom Control,Smith Ward,225,,,BPB,,855868,CS/E/99-3,4,4
1562,Designing GUI App. For Windows,Levine,225,,,BPB,,855869,CS/E/99-3,4,5
1564,Custom Controls,Cliwa Dunteman,230,,,Galgotia,,855871,CS/E/99-3,4,6
1565,Neuro-Intelligent System,Hungenahally Jain,99,,,BPB,,878149,CS/E/99-3,4,7
1549,Windows API Bible,Conger J.L.,396,,,Waite,,855856,CS/E/99-3,4,8
1509,Using Windows 3.1,Person,,,,,,861859,CS/E/99-3,4,9
1514,DOS for Dummies,Gookin,110,,,Pustak Mahal,,861855,CS/E/99-3,4,10
1513,Windows for Dummies,Rathbone,135,,,Pustak Mahal,,861854,CS/E/99-3,4,11
1512,Modems for Dummies,Rathbone,150,,,Pustak Mahal,,861853,CS/E/99-3,4,12
1511,Internet for Dummies,Levine,150,,,Pustak Mahal,,861853,CS/E/99-3,4,13
1510,Networking for Dummies,Lowe,,,,Pustak Mahal,,861851,CS/E/99-3,4,14
1515,Making Windows Application Work,Krumm,240,,,BPB,,861856,CS/E/99-3,4,15
1516,DOS 6 Series,Ainsbury,,,,,,861857,CS/E/99-3,4,16
1517,Object Oriented Programming with C++,Parson D.,99,,,BPB,,861858,CS/E/99-3,4,17
1518,Windows 3.0/3.1 Test 1,Fernandes L.,54,,,BPB,,861862,CS/E/99-3,4,18
1519,DOS 6 & 6.2 Instant Reference,Thomas R.M,54,,,BPB,,861874,CS/E/99-3,4,19
1521,Computer Graphics,Corrigan Y.,75,,,BPB,,851868,CS/E/99-3,4,20
1526,Programming with Pascal,Venugopal K.R.,120,,,TMH,,851869,CS/E/99-3,4,22
1525,Basic ueuing Theory,Bunday,90,,,,,861866,CS/E/99-3,4,23
1566,Art. Intellegent with Common Lisp.,Noyes J.L.,150,,,Galgotia,,878150,CS/E/99-3,4,21
1522,Visual C++ A Developers Guide,Leavens A.,225,,,BPB,,861865,CS/E/99-3,4,24
1523,Netware Programming Guide,McCorn J.J,150,,,BPB,,861866,CS/E/99-3,4,25
1524,IBM PC Troubleshooting & Repair,Brennes R.C,95,,,,,861867,CS/E/99-3,4,26
1527,Computer Fundamentals,Jain S.,75,,,,,851870,CS/E/99-3,4,27
1528,System Design & Business Appli.,Jain V.K,90,,,,,851872,CS/E/99-3,4,28
1529,Software Packages,Jain V.K,150,,,,,861871,CS/E/99-3,4,29
1530,Question & Answer on Computer,Kumar D.,99,,,BPB,,861873,CS/E/99-3,4,30
1531,Comp. Viruses Prev. Detect & Removal,Kapur R.,75,,,BPB,,862158,CS/E/99-3,4,31
1532,Illustrated dBase IV 1991,Stultz R.A.,90,,,BPB,,862159,CS/E/99-3,4,32
1535,Data Compression Book,Nelson M.,150,,,PHI,,875890,CS/E/99-3,4,33
1520,Clipper 5.01/87 Test,Joshi D.,45,,,BPB,,861863,CS/E/99-3,4,34
1548,BC++ 4.0 underbWindows 3.1 Vol.III,Sheth Y.,125,,,Jaico,,855855,CS/E/99-3,5,1
1547,BC++ 4.0 underbWindows 3.1 Vol.II,Sheth Y.,125,,,Jaico,,855854,CS/E/99-3,5,2
1546,BC++ 4.0 underbWindows 3.1 Vol.I,Sheth Y.,125,,,Jaico,,855853,CS/E/99-3,5,3
1545,MS DOS System Programming,Burki Ward,225,,,BPB,,858552,CS/E/99-3,5,4
1552,Mast. Oracle 7 & Client Sever Prog.,Bobrowski S.M.,300,,,BPB,,855859,CS/E/99-3,5,6
1551,Understanding Pointers in C (REPLACE),Kanetkar,,,,,,855858,CS/E/99-3,5,7
1550,Power Builder Concepts & Application,Bayross I.N.,150,,,BPB,,855857,CS/E/99-3,5,8
1544,Oracle 6/7,Unadkat C.L.,180,,,BPB,,855851,CS/E/99-3,5,9
1554,Microsoft Windows 3.1,Brown M.,75,,,G/P,,855861,CS/E/99-3,5,10
1553,Window 3.1 Connectivity Secrets,Connally R.,496,,,G/P,,855860,CS/E/99-3,5,11
1556,Teaches C,Stevens A.L.,195,,,BPB,,855863,CS/E/99-3,5,12
1555,C Prog. Guide to Serial Comm.,Campbell,295,,,PHI,,855862,CS/E/99-3,5,13
1542,Fundamentals of Digital Image Proc.,Jain A.K.,150,,,PHI,,855849,CS/E/99-3,5,14
1541,Window 3.1 Instaint Reference,Moseley M.L.,54,,,Sybex,,855848,CS/E/99-3,5,15
1483,Data Structure & Program Des. In C,Kruse,120,,,PHI,,873675,CS/E/99-3,5,16
1540,Borlaud C++ 4.0 upgrade book,Elavia G.N.et al,,,,,LOST,855847,CS/E/99-3,5,16
1543,Using Windows 3.1,Person G. Rose,295,,,PHI,,855850,CS/E/99-3,5,17
480,Data Structure Using Pascal,Tanenbam,237.7,,,PHI,,655618,`,1,1
479,Assembly & Assembler,Gorslinc,237.7,,,PHI,,655617,DCSE/19/2,1,2
478,Intro. To Lisp & Symbole Manipulation,Hekmatpour,221.8,,,PHI,,655616,DCSE/19/2,1,3
483,Guide to Good Programming Practice,Meck,,,,EWP,,677691,DCSE/19/2,1,4
482,An Introduction to Prog. In Fortran-77,Schon Felder,376.84,,,B. Well,,65620,DCSE/19/2,1,5
481,Operating Systems,Keller,254.4,,,PHI,,655619,DCSE/19/2,1,6
485,Systems Analysis Des. & Comp. Appl.,Millisgton,80,,,EWP,,677683,DCSE/19/2,1,7
216,Mastering Turbo Pascal,Swan,75,,,BPB Pub.,,764062,DCSE/19/2,1,8
422,Mastering Turbo Pascal,Swan,75,,,BPB,,764064,DCSE/19/2,1,9
449,Mastering Turbo Pascal,Swan T.,75,,,BPB,,,DCSE/19/2,1,10
454,Programming with Fortran -77,Kumar R.,48,,,TMH,,764067,DCSE/19/2,1,11
455,Programming with Fortran -77,Kumar R.,48,,,TMH,,764066,DCSE/19/2,1,12
277,Complete Turbo Pascal,Dunteman,75,,,Galgotia,,,DCSE/19/2,1,13
456,Complete Turbo Pascal,Duntomann J.,75,,,Galgotia,,764069,DCSE/19/2,1,14
458,Fundamental of Data Structures in Pascal,Horowith & Sahni,40,,,Galgotia,,764577,DCSE/19/2,1,15
459,Intro. to Auto. Theo. Lang. & Comp.,Hopcraft J.E.,75,,,Narosa,,764578,DCSE/19/2,1,16
460,Discrete Structures of Comp. Sc.,Levy L.S.,50,,,Wiley,,764579,DCSE/19/2,1,17
461,Programming in C,Krishnamoorthy,27,,,TMH,,764580,DCSE/19/2,1,18
462,In. Tech. in Dig. Des. with Em. on µps,Krutz R.L,71.61,,,Wiley,,764581,DCSE/19/2,1,19
463,Introduction to Operating Research,Gillett B.E.,60,,,TMH,,764582,DCSE/19/2,1,20
484,ADA : A Prog. Conversion Course,Collins,75,,,EWP,,677682,DCSE/19/2,1,21
466,Comp. Net. & Distributed Processing,Martin J.,75,,,PHI,,764584,DCSE/19/2,1,22
465,Comp. Net. & Distributed Processing,Martin J.,75,,,PHI,,764585,DCSE/19/2,1,23
464,Mastering Turbo C,Bootler S.K.,90,,,BPB,,764583,DCSE/19/2,1,24
467,Micro Computing in COBOL,Richards R.M.,45,,,Galgotia,,764587,DCSE/19/2,1,25
468,Micro Computing in COBOL,Richards R.M.,45,,,Galgotia,,764586,DCSE/19/2,1,26
469,Complete Turbo Pascal,Duntoman,75,,,Galgotia,,764588,DCSE/19/2,1,27
470,Dis. Math. Structure for Comp. Sc.,Kolman & Busby,69,,,PHI,,764589,DCSE/19/2,1,28
471,Advanced Techniques in Lotus 1-2-3,Lensford,90,,,BPB,,764525,DCSE/19/2,1,29
472,Advance Turbo Basic,Knecht,353.43,,,,,764526,DCSE/19/2,1,30
473,Prog. The 8086/88 ; for IBM PC & Com.,Throne,291.73,,,Wesley A.,ISSUED (PKS),759943,DCSE/19/2,1,31
474,Prog. The 8086/88 ; for IBM PC & Com.,Throne,291.73,,,Wesley A.,,759941,DCSE/19/2,1,32
475,Prog. The 8086/88 ; for IBM PC & Com.,Throne,291.73,,,Wesley A.,,759942,DCSE/19/2,1,33
476,Introduction to Functional Prog.,Bird & Walder,476.2,,,PHI,,655614,DCSE/19/2,1,34
477,Computer Methods for Engineering,Juluria,205.9,,,PHI,,655615,DCSE/19/2,1,35
488,An Introduction to ADA,Yonug,100,,,EWP,,677685,DCSE/19/2,2,1
490,C for Professional Programmers,Trizzard,65,,,EWP,,677688,DCSE/19/2,2,2
492,An Introduction to Lisp,Navaganan,75,,,EWP,,677690,DCSE/19/2,2,3
493,dBase IV Essentials,Hursch J.L.,54,,,BPB,,677692,DCSE/19/2,2,4
494,Mastering Xenix in the IBM PCAT,Hahn,90,,,BPB,,677693,DCSE/19/2,2,5
495,Programming the Intel 80386,Smith & Johnson,150,,,BPB,,677694,DCSE/19/2,2,6
496,Fundamental of  Structure COBOL Prog.,Fengold C.,80,,,Galgotia,,677695,DCSE/19/2,2,7
486,Principles of Text Processing,Teskey,65,,,EWP,,677684,DCSE/19/2,2,8
487,Programming in C for Unix,Schirmer,80,,,EWP,,677686,DCSE/19/2,2,9
497,80386/80286 Assembly Language Prog.,Murray,110,,,Mc Graw,,677697,DCSE/19/2,2,10
498,Mathmatical Modelling,Kapur,45,,,Wiley,,760554,DCSE/19/2,2,11
499,IInd Cr. In Comp. Sc. With Modula-2,McGraken,77.11,,,Wiley,,760555,DCSE/19/2,2,12
500,Compiler Cons. For Digital Computers,Gries,159,,,Wiley,,760556,DCSE/19/2,2,13
501,Algorithms + Data Structure Prog.,Wirth,59,,,PHI,,760547,DCSE/19/2,2,14
502,Understanding Artificial Intelligence,Mis Kaff,60,,,H.W Sams Slo.,,760548,DCSE/19/2,2,15
504,The Turbo Pascal Trillogy,Bloom & Soyabel,90,,,BPB,,760550,DCSE/19/2,2,16
505,Turbo Prolog Future for Programmers,Nath S.,65,,,Galgotia,,760551,DCSE/19/2,2,17
506,The art of C Programming,Jones & Steroct,,,,,LOST,760552,DCSE/19/2,2,18
507,The Design of the Unix Operating Sys.,Bach,79,,,PHI,,760553,DCSE/19/2,2,19
508,Microcomp. Sys. The 8086/88 Family,Liv & Gibson,89,,,PHI,,389,DCSE/19/2,2,20
530,The Illustiated dBase III ,Stultz,55,,,G.P,,766530,DCSE/19/2,2,21
509,Microcomp. Sys. The 8086/88 Family,Liv & Gibson,89,,,PHI,,760630,DCSE/19/2,2,22
510,Microcomp. Sys. The 8086/88 Family,Liv & Gibson,89,,,PHI,,760628,DCSE/19/2,2,23
511,Microcomp. Sys. The 8086/88 Family,Liv & Gibson,89,,,PHI,,760629,DCSE/19/2,2,24
512,Microcomp. Sys. The 8086/88 Family,Liv & Gibson,89,,,PHI,,760626,DCSE/19/2,2,25
513,Advance MS DOS,Duncan,180,,,PHI,ISSUED (PKS),760625,DCSE/19/2,2,26
514,Comp. Arch. : A Modern Synthesis,Das Gupta,87.45,,,Wiley,,760622,DCSE/19/2,2,27
515,Comp. Arch. : A Modern Synthesis,Das Gupta,87.45,,,Wiley,,760623,DCSE/19/2,2,28
516,The Unix Programming Environment,Kernighan B.W.,69,,,PHI,,760624,DCSE/19/2,2,29
517,Cur & Sur for Comp. Aided Geo. Des,Farin,635.2,,,AP,,766555,DCSE/19/2,2,30
518,The MS Gu. To using the Quick C Com,M. Waite,317.2,,,Microsoft,,766291,DCSE/19/2,2,31
519,Frame Work  & Frame Work II,Pitman,114.95,,,Gosling,,766292,DCSE/19/2,2,32
520,The Manual Frame Work,William,36,,,BPB,,766293,DCSE/19/2,2,33
521,The Manual dBase III,Mezejewski,45,,,BPB,,766294,DCSE/19/2,2,34
529,Mastering 1-2-3,Jorgenson,90,,,BPB,,766529,DCSE/19/2,2,35
522,Mastering dBase III Plus,Townsend,66,,,BPB,,766295,DCSE/19/2,2,36
523,Working with Lotus 1-2-3,Pridgoli,82,,,Jaico,,766524,DCSE/19/2,2,37
528,Understanding dBase III Plus,Simpson,54,,,BPB,,766528,DCSE/19/2,2,38
527,The Manual Lotus 1-2-3,Williams,45,,,BPB,,766527,DCSE/19/2,2,39
526,The Manual dBase II,Mezejewski,45,,,BPB,,766526,DCSE/19/2,2,40
524,A First Book of C Programming,Bronson,84,,,Jaico,,766525,DCSE/19/2,2,41
531,Algorithms + Data Structure Prog.,Wirth,59,,,PHI,,766531,DCSE/19/2,3,1
532,Data Structure ,Reingold,60,,,CBS,,766532,DCSE/19/2,3,2
533,C Tutorial Turbo C,Bach Hurst,55,,,Galgotia,,766487,DCSE/19/2,3,3
534,Discrete Maths. With Algorithms,Albertson et al.,121.63,,,Wiley,,766488,DCSE/19/2,3,4
535,Programming Language Concept,Ghezzi,73.14,,,Wiley,,766489,DCSE/19/2,3,5
536,Advance MS DOS Programming,Duncan R.,180,,,BPB,,766490,DCSE/19/2,3,6
537,Compiler Con. Principle & Practice,Dhamdhere,80,,,McMillan,,766491,DCSE/19/2,3,7
538,Unix Utilities : A Prog. Ref.,Tare R.S,110.5,,,Megkoga,,766492,DCSE/19/2,3,8
539,Programming with Pascal,Konvalina & Wileman,151.05,,,Megkoga,,766493,DCSE/19/2,3,9
540,Trouble Shooting & Ref. the New PC,Margolis A.,75,,,BPB,,766494,DCSE/19/2,3,10
541,A First Book of C Programming,Bronson,84,,,Jaico,,766495,DCSE/19/2,3,11
542,Computers & Computer Language,Silverman & Furkiew,205.9,,,Mc Graw,,766496,DCSE/19/2,3,12
543,Small Computer Theory & Application,Dailey J.,142.3,,,Mc Graw,,766497,DCSE/19/2,3,13
544,Networking IBM PCs,Dorr. M.,60,,,Tech Publi.,,766498,DCSE/19/2,3,14
545,Micro Computer Application,Graver R.T. & Sugrue,237.7,,,Mc Graw,,766499,DCSE/19/2,3,15
547,Modern Applied Algebra,Birkhott & Bartee,65,,,CBS,,766501,DCSE/19/2,3,16
569,Discrete Math A. Unified Approach,Wiitala A.S.,238.5,,,Mc Graw,,761163,DCSE/19/2,3,17
570,Theory & Prob. Comp. Graphics,Plastock A. Kalley G.,71.5,,,Mc Graw,,761181,DCSE/19/2,3,18
563,Discrete Mathmatics Stru. For Comp. Sc.,Kolman & Bushy,69,,,PHI,,761108,DCSE/19/2,3,19
565,File Handling in Turbo Pascal,Boisgontier J.D.C.,318.64,,,Paradigm,,761178,DCSE/19/2,3,20
566,A Sec. Cou. In Comp. Sci with Pascal,McCracken D.D.,67.95,,,J. Wiley,,761179,DCSE/19/2,3,21
550,Intro. To Des. & Analysis of Algorithm,Goodman,110.5,,,Mc Graw,,766503,DCSE/19/2,3,22
567,Intro. To the Desi. And Anal. of Algo.,Goodman E.S. et al,110.5,,,Mc Graw,,761161,DCSE/19/2,3,23
551,Discrete Math. Structure with Appl.,Tremblay & Manohar,126.4,,,Mc Graw,,766504,DCSE/19/2,3,24
552,Prolog Through Examples,Konoenko & Lavrae,55,,,Galgotia,,766506,DCSE/19/2,3,25
553,A Guide to Microcomp. Soft. For Busi.,Meier,289.54,,,Gan.,,761110,DCSE/19/2,3,26
554,Quatro,Mc Coy,421.35,,,Mc Graw,,761111,DCSE/19/2,3,27
555,Quatro Power User,Cobb,364.9,,,Mc Graw,,761112,DCSE/19/2,3,28
556,Mastering Turbo C,Book S.K.,90,,,BPB,,761101,DCSE/19/2,3,29
557,Understanding Comp. Science Appl.,Walker R.S.,54,,,Texals,,761102,DCSE/19/2,3,30
558,Cobol Prog. Problems Solutions,Roy M.K. Destidor,39,,,T.M.H,,761103,DCSE/19/2,3,31
560,Elements of Discrete Mathmatics,Liv C.L.,103.35,,,Mc Graw,,761105,DCSE/19/2,3,32
561,MicroComp. Architecture Prog.,Walkerly,87.45,,,Wiley,,761106,DCSE/19/2,3,33
562,Discrete Mathmatics with Algorithms,Albertson et al.,121.23,,,Wiley,,761107,DCSE/19/2,3,34
559,Graph Theo with App to Eng & Comp,Deo N.,55,,,T.M.H,,761104,DCSE/19/2,3,35
571,Inside Xenix,Morgan L.,60,,,BPB,,761184,DCSE/19/2,4,1
572,Computer Network,Tanenbaum,75,,,PHI,,761185,DCSE/19/2,4,2
573,Introduction to Data Structure,Singh B. & Nabs L.T.,66,,,T.M.H,,761187,DCSE/19/2,4,3
574,Introduction to System Software,Dhamdhere M.,45,,,T.M.H,,761190,DCSE/19/2,4,4
575,Introduction to System Software,Dhamdhere M.,45,,,T.M.H,,761189,DCSE/19/2,4,5
576,Introduction to System Software,Dhamdhere M.,45,,,T.M.H,,761188,DCSE/19/2,4,6
577,Interactive Computer Graphics,Giloi K.W.,69,,,PHI,,761186,DCSE/19/2,4,7
578,Understanding dBase Management,Prakash N.,69,,,T.M.H,,761191,DCSE/19/2,4,8
579,Pascal + Data Structure,Dale/Lilly,75,,,T.M.H,,761192,DCSE/19/2,4,9
580,Compiler Construction,Dhamdhere M.D.,80,,,Mc Millan,ISSUED (MG),761193,DCSE/19/2,4,10
581,Digital Circuits & Microprocessors,Taub H.,126.4,,,Mc Graw,,761182,DCSE/19/2,4,11
582,Programming Language,Tucker B.,119.75,,,Mc Graw,,761183,DCSE/19/2,4,12
583,An : Introduction to dBase System,Date J.,75,,,Narosa,,761194,DCSE/19/2,4,13
584,Understa. Unix: A Conceptual Guide,Groff R.J. Weinberg,60,,,One Tech,,761195,DCSE/19/2,4,14
585,Data Processing,French S.C.,35,,,Galgotia,,761196,DCSE/19/2,4,15
587,Exploting MS-DOS,Davies J.P. Backhurst,55,,,Galgotia,,761198,DCSE/19/2,4,16
588,Intro. To the Desi. And Anal. of Algo.,Goodman E.S. et al,110.5,,,Mc Graw,,761200,DCSE/19/2,4,17
589,C Program Utility,Whitsell F.,36,,,Galgotia,,761201,DCSE/19/2,4,18
590,Turbo C Programmers Resource Book,Holtz F.,396.7,,,Galgotia,,761199,DCSE/19/2,4,19
591,Prolog Wizard,Foster,396.7,,,J. Wiley,,767009,DCSE/19/2,4,20
592,C Wizard's Programming References,Schwarderer,317.2,,,J. Wiley,,767010,DCSE/19/2,4,21
593,dBase III Plus Application Liberary,Carlton Stewart,120,,,Tech Publi.,,766969,DCSE/19/2,4,22
594,Mastering Wordstar,Harvey,75,,,BPB,,766968,DCSE/19/2,4,23
595,Numerical Methods A Software Appr.,Johnston,71.5,,,J. Wiley,,766970,DCSE/19/2,4,24
596,Understanding dBase IV,Simpson,60,,,BPB,,766971,DCSE/19/2,4,25
597,HDD Mana. in the PC & MS DOS Env.,Sheldon,103.35,,,Mc Graw,,766972,DCSE/19/2,4,26
598,dBase III Plus,,,,,,,758997,DCSE/19/2,4,27
599,dBase III Plus,,,,,,,758996,DCSE/19/2,4,28
600,dBase III Plus,,,,,,,758995,DCSE/19/2,4,29
601,Pascal User Manual & Report,Jensenk & Wirth,44.5,,,N.P.H,,733318,DCSE/19/2,4,30
602,Fundamentals of Computer,Raja Raman,35,,,P.H.I,,733319,DCSE/19/2,4,31
603,The Science of Programming,Gries,55,,,Narosa,,733320,DCSE/19/2,4,32
604,Fundamentals of Algorithms,Knuth,75,,,Narosa,,733321,DCSE/19/2,4,33
605,Data Processing,Oliverces Champan,35,,,Galgotia,,733322,DCSE/19/2,4,34
606,Microprocessor Sys. Design Concepts,Alexandridis,68,,,Galgotia,,733323,DCSE/19/2,4,35
608,Matrix Analysis of Framed Structures,Weaver Gere,70,,,CBS,,733325,DCSE/19/2,4,36
609,Operating Systems Principles,Kurzban Heines et al.,120,,,CBS,,733326,DCSE/19/2,4,37
610,Microprocessor & Microcomp. Sys.,Rao,50,,,CBS,,733327,DCSE/19/2,4,38
630,Microprocessor Software,Whithread,227.5,,,CHP,,733347,DCSE/19/2,5,1
631,Microprocessor App. In Busi. & Indu.,Whithread,227.5,,,CHP,,733348,DCSE/19/2,5,2
620,Comp. App. For Techno-Econ. Devel.,Banerjee,120,,,Concept,,733337,DCSE/19/2,5,3
621,Coding Theorems of Infor. Theory,Wolfowitz,312.7,,,S / V,,733338,DCSE/19/2,5,4
622,Intro. To Formal Grammers,Gross Lentin,328.6,,,S / V,,733339,DCSE/19/2,5,5
618,Business Information Processing Sys.,Ellioff & Wasley,386.35,,,Irwin,,733335,DCSE/19/2,5,6
619,Fortan IV & Engg. Applications,Garg,60,,,Oxford,,733336,DCSE/19/2,5,7
611,Fortan IV for Beginners,Balaguruswamy,24,,,T.M.H,,733328,DCSE/19/2,5,8
612,A Data Book for Scientist & Engineers,Rama Lingam,45,,,IBH,,733329,DCSE/19/2,5,9
613,Computer Oriented Num. Method 2 ed,Raja Raman,22,,,P.H.I,,733330,DCSE/19/2,5,10
614,MP Cont. & Reli. Des. Of Small Comp.,Kraft Toy,535.35,,,AH,,733331,DCSE/19/2,5,11
615,Numerical Analysis for Computer,Lee,192.85,,,RPC,,733332,DCSE/19/2,5,12
616,A Microprocessor Course,Fohl,212.5,,,PBI,,733333,DCSE/19/2,5,13
617,Algorithms & Their Computer Solu.,Artiaga & Davis,179.95,,,Merrill,,733334,DCSE/19/2,5,14
623,Computer Studies,French ,35,,,Gd.,,733340,DCSE/19/2,5,15
626,Comp. Appl. On ECG & VCG Analysis,Zyurietz C. & Scheider,517,,,N.H,,733343,DCSE/19/2,5,16
627,BBC Programming Vol. 1,Hampshire,126.49,,,Duck,,733344,DCSE/19/2,5,17
628,The Home Computer Book I,Braubeer,126.49,,,Duck,,733345,DCSE/19/2,5,18
629,Exploring Adventures on the BBC,Gerrarol,126.49,,,Duck,,733346,DCSE/19/2,5,19
632,Laboratory on Line Computing,Brignell Rhodes,217.49,,,ITC,,733349,DCSE/19/2,5,20
633,Practical System Design,Daniels Yeates,95,,,Galgotia,,733350,DCSE/19/2,5,21
634,Pascal for Science & Engineering,McGregor & Watt,150,,,Galgotia,,733351,DCSE/19/2,5,22
624,Structured Programming in COBOL,Holmes,35,,,Galgotia,,733341,DCSE/19/2,5,23
625,Fund. Of Measu. & Repre. Of Natu. Sys.,Rosen,376,,,N.H,,733342,DCSE/19/2,5,24
643,An : Introduction to Microcomputers,Osborne Kane,290,,,Galgotia,,701764,DCSE/19/2,5,25
644,Pascal,Oatey Clare,36,,,Galgotia,,701765,DCSE/19/2,5,26
645,Programming Languages,Horowitz E.,150,,,,,701766,DCSE/19/2,5,27
646,Basic Programming,Holmes,35,,,Galgotia,,701767,DCSE/19/2,5,28
647,Microprocessor Sys. Design Concepts,Alexandrid,68,,,Galgotia,,701768,DCSE/19/2,5,29
648,Computer Data Base Organisation 2 ed,Martin,65,,,P.H.I,,701769,DCSE/19/2,5,30
649,Data Base Management System,Mayne,65,,,B.A,,701770,DCSE/19/2,5,31
650,Using Computers- A Manager's Guide,Pettu,60,,,B.A,,701771,DCSE/19/2,5,32
636,Mathodical Programming in COBOL,Welland,35,,,Wheeler,,701757,DCSE/19/2,5,33
637,Introduction to Computer Architecture,Willis Kerridge,30,,,Wheeler,,701758,DCSE/19/2,5,34
639,Introducing Computer Security,Wood,65,,,NCC,,701760,DCSE/19/2,5,35
641,Microcomputers/Microprocessors,Hilburn Julich,42,,,P.H.I,,701762,DCSE/19/2,5,36
642,An : Introduction to Microcomputers,Osborne Kane,290,,,Galgotia,,701763,DCSE/19/2,5,37
246,A Software Tools Sampler,Miller,425.44,,,P.Hall,,702613,DCSE/74/1,1,1
244,Turbo Pascal,Chiuclian,245.9,,,WB,,702611,DCSE/74/1,1,2
238,Digital Principal & Application,Leach P. Donald,75.35,,,Mc Graw Hill,,702590,DCSE/74/1,1,3
237,Data Base Processing,David Kroenke,60,,,Galgotia,,702589,DCSE/74/1,1,4
253,Advance Turbo Pascal,Schildt,73.35,,,K.K,,702620,DCSE/74/1,1,5
251,Distributed Database Principles & Systems (REPLACE),Ceri.S,,,,,,251,DCSE/74/1,1,6
247,Digital Computer Fundamental,Bartee,89.05,,,K.K,,702614,DCSE/74/1,1,7
250,Advanced dBase III Prog. Tech.,Liskin,89.05,,,K.K,,702617,DCSE/74/1,1,8
256,Z 80 Assembly Language Programme,Leventhal,81.52,,,K.K,,702623,DCSE/74/1,1,9
254,Pascal ,Belford,116.45,,,K.K,,702621,DCSE/74/1,1,10
257,Micro Computers Based Design,Peatman,130.15,,,K.K,,702624,DCSE/74/1,1,11
255,Microprocessor & Interfacing (REPLACE),Hall,,,,,,255,DCSE/74/1,1,12
263,A Str. Approach to Fortran,Crainley,472.65,,,P.Hall,,702630,DCSE/74/1,1,13
262,Intro. to Programming with Modula ,Spimurm,363.05,,,H.Row,,702629,DCSE/74/1,1,14
261,Use Std.Spec. for µcomp. Op. Sys.,IEEEIRHAL,273.32,,,JW,,702628,DCSE/74/1,1,15
260,Intro. To Digital Technology,Nashelsky,109.6,,,WIE,,702627,DCSE/74/1,1,16
258,86000 Assembly Language Programme,Leventhal,75.35,,,K.K,,702625,DCSE/74/1,1,17
277,Complete Turbo Pascal,Dunteman,75,,,Galgotia,,703360,DCSE/74/1,1,18
276,dBase III Plus for Programmers,Dinerstein,65,,,Galgotia,,703359,DCSE/74/1,1,19
278,Introduction to Operating Sys. Design,Habermann,60,,,G.P,,703361,DCSE/74/1,1,20
279,Introduction to Operating Sys. Design,Habermann,60,,,G.P,,703362,DCSE/74/1,1,21
280,Introduction to Operating Sys. Design,Habermann,60,,,G.P,,703363,DCSE/74/1,1,22
281,Introduction to Operating Sys. Design,Habermann,60,,,G.P,,703365,DCSE/74/1,1,23
282,Introduction to Operating Sys. Design,Habermann,60,,,G.P,,703364,DCSE/74/1,1,24
283,Programming in C,Jamsa,50,,,G.P,,703366,DCSE/74/1,1,25
284,Advance Programme in dBase III Plus,Knegth,95,,,G.P,,703368,DCSE/74/1,1,26
285,Advance Programme in dBase III Plus,Knegth,95,,,G.P,,703367,DCSE/74/1,1,27
268,Theory & Prac. Of Compiler Writing,Jeem Paul Trembley,102.75,,,Mc Graw Hill,,702645,DCSE/74/1,1,28
267,Computer Science,Goloschlager,75,,,PHI,,702634,DCSE/74/1,1,29
264,Structured Programming,Welland,99.15,,,Pitman,,702631,DCSE/74/1,1,30
265,dBase III,Gosling,99.15,,,Pitman,,702632,DCSE/74/1,1,31
266,Assembly Language for the 80286,Erskine,99.15,,,Pitman,,702633,DCSE/74/1,1,32
270,Pascal : An Intro. To Modern Prog.,Glodstein,431.25,,,RinChart & Winstan,,703353,DCSE/74/1,1,33
269,The Little Lipser,Fridman,222.46,,,Galgotia,,703352,DCSE/74/1,1,34
274,Computer Construction,Barrett,70,,,Galgotia,,703358,DCSE/74/1,1,35
275,Computer Construction,Barrett,70,,,Galgotia,,703357,DCSE/74/1,1,36
286,Design of Digital Systems,Pitman,75,,,G.P,,703370,DCSE/74/1,1,37
272,From Basic 8086/8088 Assem. Lang.,H.Templeton,100,,,Wordware Publishing,,703355,DCSE/74/1,1,38
271,Micro Computer Exp. With IBM PC,Leventhal,331.2,,,RinChart & Winstan,,703354,DCSE/74/1,1,39
273,Programming Guide to LISP,K. Tracton,164.91,,,TAB,,703356,DCSE/74/1,1,40
287,Design of Digital Systems,Pitman,75,,,G.P,,703369,DCSE/74/1,2,1
288,Micro Computing in COBOL,Roy Martin Richard,45,,,G.P,,703381,DCSE/74/1,2,2
302,Introduction to Operating Sys. Design,Haberman,68,,,Galgotia,,763157,DCSE/74/1,2,3
303,dBase III Plus : A Compare. User Man.,Bharvcha,60,,,Tech Publi.,,763144,DCSE/74/1,2,4
304,Turbo Pascal Liberary,Stivison D.S.,60,,,BPB Pub.,,763145,DCSE/74/1,2,5
301,Computer data Processing & Telecom.,Rosenberg,60,,,WE,,763156,DCSE/74/1,2,6
307,Salvaging Damaged & dBase Files,Heiser P.W.,75,,,Galgotia,,763148,DCSE/74/1,2,7
306,Intro. To Data Structure with Appli.,Naps T.L & Singh,55,,,Galgotia,,763147,DCSE/74/1,2,8
305,The Unix Programming Environment,Kernighan Spike,69,,,PHI,,763146,DCSE/74/1,2,9
324,Computer Organisation,Hamcher,113.7,,,TMH,,722226,DCSE/74/1,2,10
322,dBase III & III Plus,Taxali,30,,,TMH,,722252,DCSE/74/1,2,11
321,Basic C for Basic Program,T.D. Brown Jr.,33,,,Mc Graw Hill,,722257,DCSE/74/1,2,12
323,Artificial Intelligence,Rich,99.4,,,TMH,,722225,DCSE/74/1,2,13
320,Programming in C,Jamsa,55,,,Galgotia,,722256,DCSE/74/1,2,14
319,Dis. Math. Structure for Comp. Sc.,Kolman,69,,,PHI,,722258,DCSE/74/1,2,15
318,Programming in Basic,Venit,250,,,Jaico,,722255,DCSE/74/1,2,16
317,Understanding Fortran 77,Michel Boillot,250,,,Jaico,,722254,DCSE/74/1,2,17
289,Computer Hardware & Organisation,Sloan,65,,,G.P,,703373,DCSE/74/1,2,18
290,Computer Hardware & Organisation,Sloan,65,,,G.P,,703372,DCSE/74/1,2,19
291,Computer Hardware & Organisation,Sloan,65,,,G.P,,703374,DCSE/74/1,2,20
292,Computer Hardware & Organisation,Sloan,65,,,G.P,,703371,DCSE/74/1,2,21
293,Computer Hardware & Organisation,Sloan,65,,,G.P,,703375,DCSE/74/1,2,22
294,Programming Ref. Manual for IBM PC,Steven Armbrust,150,,,G.P,,703377,DCSE/74/1,2,23
295,Programming Ref. Manual for IBM PC,Steven Armbrust,150,,,G.P,,703378,DCSE/74/1,2,24
296,Programming Ref. Manual for IBM PC,Steven Armbrust,150,,,G.P,,703376,DCSE/74/1,2,25
297,Unix on the IBM PC,William B. Twitty,150,,,G.P,,703380,DCSE/74/1,2,26
298,Unix on the IBM PC,William B. Twitty,150,,,G.P,,703379,DCSE/74/1,2,27
299,Digital Technology (Lab. Manual),Williams,45,,,G.P,,703382,DCSE/74/1,2,28
300,Digital Technology (Lab. Manual),Williams,45,,,G.P,,703383,DCSE/74/1,2,29
308,Microprocessors /Microcomputers 2ed.,Khambata,92.95,,,Wiley,,763149,DCSE/74/1,2,30
309,An Intro. To Data Structure with Appli.,Trembley & Sorenson,127,,,Megkoga,,763150,DCSE/74/1,2,31
312,Introduction to Computer Archtecture,Stone,55,,,Galgotia,,763153,DCSE/74/1,2,32
311,The Principles of Computer Org.,Schneidev,64.35,,,Wiley,,763152,DCSE/74/1,2,33
310,Microcomputer Systems,Liv & Gibson,69,,,PHI,,763151,DCSE/74/1,2,34
316,The Sprit of 'C',Millish Coper,250,,,Jaico,,722253,DCSE/74/1,2,35
315,Microsoft COBOL,,99,,,Microsoft Press,,758377,DCSE/74/1,2,36
314,The Manual Frame Work,Phillips,36,,,BPB Pub.,,763155,DCSE/74/1,2,37
313,Assem. Prog. & 8086 Microprocessor,Jones,259.69,,,Oxford,,763154,DCSE/74/1,2,38
325,Computer Writing,Tremblay ,107.25,,,TMH,,722227,DCSE/74/1,3,1
326,Computer Graphics,Harrington,113.7,,,TMH,,722228,DCSE/74/1,3,2
327,"1,2,3 Power User Guide",Campbell,350.25,,,TMH,,722229,DCSE/74/1,3,3
328,DOS Power User's Guide,Jamsa,350.35,,,TMH,,722230,DCSE/74/1,3,4
329,Data Structure & Program Design,Kruse,69,,,PHI,,722231,DCSE/74/1,3,5
331,Principles of Data Base System,Ullman,55,,,GAI,,722233,DCSE/74/1,3,6
332,Structured Computer Organisation,Tanenbam,62,,,PHI,,722234,DCSE/74/1,3,7
334,Fundamental of Data Structure,Sahni,40,,,CBS,,722236,DCSE/74/1,3,8
335,Turbo Pascal 4,Jamsa,92.95,,,TMH,,722238,DCSE/74/1,3,9
336,Turbo Pascal 4,Jamsa,92.95,,,TMH,,722237,DCSE/74/1,3,10
337,OS/2 Pocket Reference,Jamsa,92.95,,,TMH,,722239,DCSE/74/1,3,11
338,Inside the IBM PC AT,Bayers,85.1,,,TMH,,722240,DCSE/74/1,3,12
339,dBase III Plus Power Tools,Krumn,121.55,,,TMH,,722241,DCSE/74/1,3,13
340,Introduction to Fortran 77 & PC,Hammond,121.55,,,TMH,,722242,DCSE/74/1,3,14
341,Comp. Arch. & Practical Processing,Briggs,121.55,,,TMH,,722243,DCSE/74/1,3,15
342,Introduction Unix System,Morgan,99.4,,,TMH,,722244,DCSE/74/1,3,16
343,8086/88 Assembly Language Prog.,Morris,256.69,,,TMH,,722245,DCSE/74/1,3,17
344,Des. Programmers Guide to Unix,Quinin,99.4,,,TMH,,722246,DCSE/74/1,3,18
346,Animated Algorithms,Barnett,113.7,,,TMH,,722248,DCSE/74/1,3,19
347,OS/2 Programmer's Guide,Lacubucci,378.95,,,TMH,,722249,DCSE/74/1,3,20
348,dBase III Plus Power User Guide,Jones,350.35,,,TMH,,722250,DCSE/74/1,3,21
349,Advance Quick C,Werner 336.05,336.05,,,TMH,,722251,DCSE/74/1,3,22
350,Data Structure Using Pascal,Tanenbam,757.19,,,PHI,,763508,DCSE/74/1,3,23
351,Math.Mod. & Dig.Sim.for En. & Sc.,Smith,528.34,,,MGH,,763529,DCSE/74/1,3,24
352,Software Reliability,Musa,135.05,,,MGH,,763530,DCSE/74/1,3,25
353,Data Systems & Management,Kindred,564.85,,,MGH,,763531,DCSE/74/1,3,26
354,Unix Ada Programming,Gelani,479.05,,,MGH,,763532,DCSE/74/1,3,27
355,The Motorola MC 68000,Bacon,386.1,,,MGH,,763533,DCSE/74/1,3,28
356,Using dBase III Plus,Bacon,235.95,,,TMH,,763534,DCSE/74/1,3,29
357,Microprocessor 1987 Workbook,Helms,657.8,,,MGH,,763535,DCSE/74/1,3,30
358,µprocessor Technology & µcomputer,Pasahow,113.69,,,TMH,,763510,DCSE/74/1,3,31
359,Programming with Structured COBOL,New Comer,56.5,,,TMH,,763511,DCSE/74/1,3,32
360,A Ist course in Comp. Prog. Pascal,Keller,99.4,,,TMH,,763512,DCSE/74/1,3,33
361,Beyond the Basic,Sarch,135.85,,,TMH,,763513,DCSE/74/1,3,34
362,A Software Tools Sampler,Miller,556.99,,,PHI,,763514,DCSE/74/1,3,35
363,Small Computer Theory & Application,Dailey,556.99,,,TMH,,763515,DCSE/74/1,4,1
364,Your IBM PC Made Easy,Sachh,64.35,,,TMH,,763516,DCSE/74/1,4,2
365,Com. Gu. to AI & Ex. Sys. T.Pascal,Levine D. & Etal E.,356.79,,,TMH,,763517,DCSE/74/1,4,3
366,Pro. Elements for Computer Graphics,Rogers,92.95,,,TMH,,763518,DCSE/74/1,4,4
367,Principles of Interactive Comp. Gra.,Sproull,,,,,LOST,763519,DCSE/74/1,4,5
368,Advanced Turbo Pascal,Schildt,78.65,,,TMH,,763520,DCSE/74/1,4,6
369,An Intro. to Micro Computers 3rd ed.,Osbore,56.49,,,Mc Graw Hill,,758571,DCSE/74/1,4,7
370,C Made Easy,Schildt,64.35,,,Mc Graw Hill,,758572,DCSE/74/1,4,8
371,The C Primer,Hancock & Krieger,70.79,,,Mc Graw Hill,,758573,DCSE/74/1,4,9
372,Under.Unix: A Conceptual Guide,Groff J.R,60,,,Tech Publi.,,758574,DCSE/74/1,4,10
373,Discrete Structures of Comp. Sc.,Leon S. Levy,50,,,Wiley,,758575,DCSE/74/1,4,11
374,IInd Course in Comp. Sc.with Pascal,McGraken,64.35,,,Wiley,,758577,DCSE/74/1,4,12
376,IInd Course in Comp. Sc.with Modula-2,McGrsalman,69.35,,,Wiley,,758578,DCSE/74/1,4,13
377,A Simpli. Gu. to Struc. COBOL Prog.,McChacken Golden,91.52,,,Wiley,,758579,DCSE/74/1,4,14
378,An Intro. to µcomp.-Basic concept,Osporne A.,185.9,,,Mc Graw Hill,,758580,DCSE/74/1,4,15
379,An Intro. to µcomp.-Basic concept,Osporne A.,185.9,,,Mc Graw Hill,,758581,DCSE/74/1,4,16
380,Prog. 8086/88 for the IBM PC & Comp.,Throne,270.99,,,B.C,,763521,DCSE/74/1,4,17
381,An Intro. to Database System Vol. 2,Date,614.19,,,Wesley A.,,763522,DCSE/74/1,4,18
382,Algorithms,Seogewick,711.43,,,Wesley A.,,763523,DCSE/74/1,4,19
383,Prob. Sol. & Struc. Prog. In Pascal,Koffman,485.49,,,Wesley A.,,763524,DCSE/74/1,4,20
384,Fundamental of Interactive Comp. Graphics,Dam,840.13,,,Wesley A.,,763525,DCSE/74/1,4,21
385,Operating System Concepts,Peterson,205,,,Wesley A.,,763526,DCSE/74/1,4,22
386,The C Liberary,Jamsa,299.59,,,TMH,,763528,DCSE/74/1,4,23
387,Writing MSDOS Device Drivers,Lai,356.79,,,Wesley A.,,763527,DCSE/74/1,4,24
388,Programming with Fortran-77,Ram Kumar,48,,,TMH,,763539,DCSE/74/1,4,25
389,Programming with Fortran-77,Ram Kumar,48,,,TMH,,763538,DCSE/74/1,4,26
390,Programming with Fortran-77,Ram Kumar,48,,,TMH,,763537,DCSE/74/1,4,27
391,Programming with Fortran-77,Ram Kumar,48,,,TMH,,763536,DCSE/74/1,4,28
392,Using Turbo Basic,Scheider,299.59,,,TMH,,763540,DCSE/74/1,4,29
393,Turbo Pascal (The Complete Ref.),Brien,378.95,,,TMH,,763541,DCSE/74/1,4,30
394,Quatlro,Biow,378.95,,,TMH,,763542,DCSE/74/1,4,31
395,An Introduction to Micro Computers,Osborne ,92.95,,,TMH,,763543,DCSE/74/1,4,32
396,Theory & Prob. Of Program with Basic,Gotthried,,3.95,,TMH,,763545,DCSE/74/1,4,33
397,Theory & Prob. Of Program with Basic,Gotthried,,3.95,,TMH,,763549,DCSE/74/1,4,34
398,Theory & Prob. Of Program with Basic,Gotthried,,3.95,,TMH,,763550,DCSE/74/1,4,35
399,Theory & Prob. Of Program with Basic,Gotthried,,3.95,,TMH,,763551,DCSE/74/1,4,36
400,Theory & Prob. Of Program with Basic,Gotthried,,3.95,,TMH,,763552,DCSE/74/1,4,37
401,Theory & Prob. Of Program with Basic,Gotthried,,3.95,,TMH,,763553,DCSE/74/1,4,38
420,Microsoft World 4.0 Simplified,Bolocan D.,270.99,,,Tab Books,,758569,DCSE/74/1,5,1
421,Proper Basic,Walsh B.O,614.19,,,Wiley,,758570,DCSE/74/1,5,2
422,Mastering Turbo Pascal,Swan,75,,,BPB,,758964,DCSE/74/1,5,3
423,Mastering C,Bolocan ,60,,,BPB,,760997,DCSE/74/1,5,4
424,Advanced 80386 Prog. Technique,Turley,344.25,,,MGH,,760998,DCSE/74/1,5,5
425,Quatlro : The Complete Reference,McCoy,399.5,,,MGH,,760999,DCSE/74/1,5,6
426,Quatlro : The Pocket Reference,Cobb,89.25,,,MGH,,761000,DCSE/74/1,5,7
427,Num. Methods from Science & Engg.,Stanron,29,,,PHI,,758986,DCSE/74/1,5,8
428,Num. Methods from Science & Engg.,Stanron,29,,,PHI,,758985,DCSE/74/1,5,9
429,Pascal : User Manual & Report,Jensenc & Wirth,48,,,Narosa,,758987,DCSE/74/1,5,10
430,Pascal : User Manual & Report,Jensenc & Wirth,48,,,Narosa,,758990,DCSE/74/1,5,11
431,Pascal : User Manual & Report,Jensenc & Wirth,48,,,Narosa,,758989,DCSE/74/1,5,12
432,Pascal : User Manual & Report,Jensenc & Wirth,48,,,Narosa,,758988,DCSE/74/1,5,13
434,Programming with Fortran-77,Kumar R.,48,,,TMH,,758993,DCSE/74/1,5,14
435,Programming with Fortran-77,Kumar R.,48,,,TMH,,758992,DCSE/74/1,5,15
436,Programming with Fortran-77,Kumar R.,48,,,TMH,,436,DCSE/74/1,5,16
437,dBase III Plus (5),,250,,,,,758998,DCSE/74/1,5,17
438,Assem. Prog. & 8086 Microprocessor,Jones,251.73,,,Oxford,,759000,DCSE/74/1,5,18
439,Crafting a Compiler,Fischer,671.25,,,The Benjamin Co.,,758938,DCSE/74/1,5,19
440,Assem. Lang. Prog. on the IBM PC,Hawksley,284.25,,,Wesley A.,,758937,DCSE/74/1,5,20
442,Introduction to Expert Systems,Jackson,225,,,Wesley A.,,758931,DCSE/74/1,5,21
443,Introduction to Artificial Intelligence,Charniak,235,,,Wesley A.,,758932,DCSE/74/1,5,22
444,Intro. to Auto. Theo. Lang. & Comp.,Hopcraft,75,,,Narosa,,758933,DCSE/74/1,5,23
445,An Intro. to dBase System Vol. 1,Date,75,,,Narosa,,758934,DCSE/74/1,5,24
446,Thr Art of C Programming,Jones,48,,,Narosa,,758935,DCSE/74/1,5,25
447,Intro. to Auto. Theo. Lang. & Comp.,Hopcraft,75,,,Narosa,,758963,DCSE/74/1,5,26
448,Intro. to Auto. Theo. Lang. & Comp.,Hopcraft,75,,,Narosa,,758962,DCSE/74/1,5,27
406,Programming with Pascal,Gotthried,56.49,,,TMH,,763554,DCSE/74/1,5,28
408,Programming with Structured COBOL,New Comer,56.49,,,TMH,,763555,DCSE/74/1,5,29
407,Programming with Structured COBOL,New Comer,56.49,,,TMH,,763556,DCSE/74/1,5,30
409,Compiler Writing,Tremblay,107.25,,,TMH,,763557,DCSE/74/1,5,31
410,Advanced COBOL,Phillippakis,121.55,,,TMH,,763558,DCSE/74/1,5,32
411,An Introduction to Micro Computers,Bunnell,50.05,,,TMH,,763559,DCSE/74/1,5,33
412,Cobol Prog. Problems Solutions,M.K.Roy,45,,,TMH,,763561,DCSE/74/1,5,34
413,Cobol Prog. Problems Solutions,M.K.Roy,45,,,TMH,,763562,DCSE/74/1,5,35
415,Artificial Intelligence,Winston,697.13,,,AD,,763509,DCSE/74/1,5,36
416,Fortran 77,Jain & Suri,30,,,TMH,,758565,DCSE/74/1,5,37
417,Interfacing Techniques in Digital Des.,Krutz R.L,66.5,,,Wiley,,758566,DCSE/74/1,5,38
419,Structured Basic - An Integrated Appr.,Ovilia,135.85,,,Megkoga,,758568,DCSE/74/1,5,39
55,Complete text on Basic Prog. Ed.2,"Holmes,B.J",35,,,Galgotia,,736527,DCSE|98|E|3,1,1
56,Complete text on Basic Prog. Ed.2,"Holmes,B.J",35,,,Galgotia,,736528,DCSE|98|E|3,1,2
57,Complete text on Basic Prog. Ed.2,"Holmes,B.J",35,,,Galgotia,,736523,DCSE|98|E|3,1,3
33,Computer & Commonsense Ed.3,H.Roger & S.John,25,,,PHI,,736483,DCSE|98|E|3,1,4
34,Computer & Commonsense Ed.3,H.Roger & S.John,25,,,PHI,,736484,DCSE|98|E|3,1,5
35,Computer & Commonsense Ed.3,H.Roger & S.John,25,,,PHI,,736485,DCSE|98|E|3,1,6
36,Computer & Commonsense Ed.3,H.Roger & S.John,25,,,PHI,,736486,DCSE|98|E|3,1,7
37,Computer & Commonsense Ed.3,H.Roger & S.John,25,,,PHI,,736487,DCSE|98|E|3,1,8
38,Computer & Commonsense Ed.3,H.Roger & S.John,25,,,PHI,,736482,DCSE|98|E|3,1,9
47,System Programming,"Donovan,John J.",,7.5,,Mc Graw Hill,,736493,DCSE|98|E|3,1,10
48,System Programming,"Donovan,John J.",,7.5,,Mc Graw Hill,,736492,DCSE|98|E|3,1,11
49,System Programming,"Donovan,John J.",,7.5,,Mc Graw Hill,,736491,DCSE|98|E|3,1,12
50,System Programming,"Donovan,John J.",,7.5,,Mc Graw Hill,,736494,DCSE|98|E|3,1,13
8,Computer Prog. In Fortran IV Ed.2,"Rajaraman,V.",35,,,PHI,,736451,DCSE|98|E|3,1,14
9,Computer Prog. In Fortran IV Ed.2,"Rajaraman,V.",35,,,PHI,,736452,DCSE|98|E|3,1,15
10,Computer Prog. In Fortran IV Ed.2,"Rajaraman,V.",35,,,PHI,,736453,DCSE|98|E|3,1,16
11,Computer Prog. In Fortran IV Ed.2,"Rajaraman,V.",35,,,PHI,,736454,DCSE|98|E|3,1,17
12,Computer Prog. In Fortran IV Ed.2,"Rajaraman,V.",35,,,PHI,,736455,DCSE|98|E|3,1,18
13,Computer Prog. In Fortran IV Ed.2,"Rajaraman,V.",35,,,PHI,,736456,DCSE|98|E|3,1,19
1,COBOL for Beginners,"Worth,Thomas",55,,,PHI,,736445,DCSE|98|E|3,1,20
2,COBOL for Beginners,"Worth,Thomas",55,,,PHI,,736444,DCSE|98|E|3,1,21
7,COBOL for Beginners,"Worth,Thomas",55,,,PHI,,736447,DCSE|98|E|3,1,25
4,COBOL for Beginners,"Worth,Thomas",55,,,PHI,,736448,DCSE|98|E|3,1,22
5,COBOL for Beginners,"Worth,Thomas",55,,,PHI,,736449,DCSE|98|E|3,1,23
6,COBOL for Beginners,"Worth,Thomas",55,,,PHI,,736450,DCSE|98|E|3,1,24
39,Computer & Commonsense Ed.3,H.Roger & S.John,25,,,PHI,,7361481,DCSE|98|E|3,1,26
52,BASIC PROGRAMMING SELF-TAUGHT,SEYMOUR C. HIRSCH,,,,PHI,,736495,DCSE|98|E|3,1,27
53,Computer Org. & Programming,"Gear,C.William",,8.25,,Mc Graw Hill,,736496,DCSE|98|E|3,1,28
29,Fundamentals of Computer,"Rajaraman,V.",39,,,PHI,,32,DCSE|98|E|3,1,29
54,Ist course in Comp.Prog.using Pascal,"Keiler,Arthur M.",,6.5,,Mc Graw Hill,,736497,DCSE|98|E|3,1,30
143,Introduction to Ada,Paul Chirlian,,19.95,,Matrix Publishers,,737499,DCSE|98|E|3,1,31
147,Fortran 77,Davis & Hoffmann,,8.5,,Mc Graw Hill,,737699,DCSE|98|E|3,1,32
148,Operating System,Madnik Danovan,,8.25,,Mc Graw Hill,,737680,DCSE|98|E|3,1,33
140,Lotus 1-2-3 Desk Top Computer,Grey Harvey,120,,,Sybex,,737496,DCSE|98|E|3,1,34
136,Using the IBM PCJr,Kenniston W. Lord,226.05,,,V.N.R,,737520,DCSE|98|E|3,1,35
137,dBase III Plus,Douglas Hergert,550.9,,,Microsoft Press,,737517,DCSE|98|E|3,1,36
138,Programmer's Guide to Windows,Devid Durcent,150,,,Tech Publi.,,737518,DCSE|98|E|3,1,37
139,Pascal ,W. Findlay & Dawatt,35,,,Galgotia,,737519,DCSE|98|E|3,1,38
128,ABC's 1-2-3,Ghris Gilbert,60,,,BPB Pub.,,712526,DCSE|98|E|3,1,39
129,Compiler Construction,William A. Barrett,70,,,Galgotia,,712527,DCSE|98|E|3,1,40
130,Computer Science,C.A.R. Hoare,75,,,PHI,,712528,DCSE|98|E|3,1,41
125,Microprocessors & Digital System,Douglos V. Hall,122.62,,,Mc Graw Hill,,737515,DCSE|98|E|3,1,42
131,Digital Logic & Computer Design (REPLACE),Mano.M,,,,,,131,DCSE|98|E|3,1,43
132,Computing Methods for Sc. & En.,L.Fox & D.F. Mayors,91.13,,,E.L.B.S,,712530,DCSE|98|E|3,1,44
121,The Manual dBase III,Robert E. Williams,36,,,BPB Pub.,,737511,DCSE|98|E|3,1,45
122,App. Dis. Stru. For Computer Science,Alan Doerr et al.,60,,,Galgotia,,737514,DCSE|98|E|3,1,46
123,Understanding C,"Bruceh, Hunter",60,,,BPB Pub.,,737512,DCSE|98|E|3,1,47
58,Complete text on Basic Prog. Ed.2,"Holmes,B.J",35,,,Galgotia,,736522,DCSE|98|E|3,2,1
59,Complete text on Basic Prog. Ed.2,"Holmes,B.J",35,,,Galgotia,,736521,DCSE|98|E|3,2,2
60,Complete text on Basic Prog. Ed.2,"Holmes,B.J",35,,,Galgotia,,736463,DCSE|98|E|3,2,3
61,Complete text on Basic Prog. Ed.2,"Holmes,B.J",35,,,Galgotia,,736526,DCSE|98|E|3,2,4
62,Complete text on Basic Prog. Ed.2,"Holmes,B.J",35,,,Galgotia,,736525,DCSE|98|E|3,2,5
63,Complete text on Basic Prog. Ed.2,"Holmes,B.J",35,,,Galgotia,,736530,DCSE|98|E|3,2,6
91,Computer Prog. In Fortram IV Ed.2,"Rajaraman,V.",35,,,PHI,,716174,DCSE|98|E|3,2,7
92,Computer Prog. In Fortram IV Ed.2,"Rajaraman,V.",35,,,PHI,,716173,DCSE|98|E|3,2,8
93,Computer Prog. In Fortram IV Ed.2,"Rajaraman,V.",35,,,PHI,,716177,DCSE|98|E|3,2,9
94,Computer Prog. In Fortram IV Ed.2,"Rajaraman,V.",35,,,PHI,,716176,DCSE|98|E|3,2,10
101,Intro. To Comp.Sc.:An Algo App.,Tremblay et al.,,8.5,,Mc Graw Hill,,716187,DCSE|98|E|3,2,11
102,Intro. To Comp.Sc.:An Algo App.,Tremblay et al.,,8.5,,Mc Graw Hill,,716185,DCSE|98|E|3,2,12
103,Intro. To Comp.Sc.:An Algo App.,Tremblay et al.,,8.5,,Mc Graw Hill,,716183,DCSE|98|E|3,2,13
104,Intro. To Comp.Sc.:An Algo App.,Tremblay et al.,,8.5,,Mc Graw Hill,,716184,DCSE|98|E|3,2,14
105,Intro. To Comp.Sc.:An Algo App.,Tremblay et al.,,8.5,,Mc Graw Hill,,716186,DCSE|98|E|3,2,15
96,Basic Programming Self-Taught,"Hirsch,Seymour C.",29,,,PHI,,716178,DCSE|98|E|3,2,16
97,Basic Programming Self-Taught,"Hirsch,Seymour C.",29,,,PHI,,716179,DCSE|98|E|3,2,17
98,Basic Programming Self-Taught,"Hirsch,Seymour C.",29,,,PHI,,716180,DCSE|98|E|3,2,18
54,Ist course in Comp.Prog.using Pascal,"Keiler,Arthur M.",,6.5,,Mc Graw Hill,ISSUED (PKS),736536,DCSE|98|E|3,2,19
3,COBOL for Beginners,"Worth,Thomas",35,,,PHI,,736446,DCSE|98|E|3,2,20
116,Im.That: A Gen. Pur. Gra. Dev. Prog.,"Schmitt, A.R. et al",525,,,Howard W. Sams.,,737196,DCSE|98|E|3,2,21
117,Graphics for the IBM PC,"IIIwosky, Dan et al.",375,,,Howard W. Sams.,,737197,DCSE|98|E|3,2,22
118,dBase Programmer's Utilities,"Byers, Robert A.",240,,,BPB Pub.,,737198,DCSE|98|E|3,2,23
106,Computer Org. & Programming Ed.4,"Gear,William C.",,8.25,,Mc Graw Hill,,716191,DCSE|98|E|3,2,24
107,Computer Org. & Programming Ed.4,"Gear,William C.",,8.25,,Mc Graw Hill,,716190,DCSE|98|E|3,2,25
108,Computer Org. & Programming Ed.4,"Gear,William C.",,8.25,,Mc Graw Hill,,716188,DCSE|98|E|3,2,26
109,Computer Org. & Programming Ed.4,"Gear,William C.",,8.25,,Mc Graw Hill,,716189,DCSE|98|E|3,2,27
110,Intro. To Fortran 77 & the Personal,"Hammond,Robert H.",,,£ 8.50,Mc Graw Hill,,737190,DCSE|98|E|3,2,28
112,"MS-DOS Handbook, Ed.2","King,Richard Alan",60,,,BPB Pub.,,737192,DCSE|98|E|3,2,29
115,Computer Studies : Instruction Manual,"French, C.S",35,,,Galgotia,,737195,DCSE|98|E|3,2,30
114,Assem.Lang.Tech. for the 8086-8088,"Erskine, Robert",90,,,Pitman,,737194,DCSE|98|E|3,2,31
127,Lotus 1-2-3,Ralph Mylius,60,,,BPB Pub.,,737660,DCSE|98|E|3,2,32
204,Advanced Techniques in dBase III,Simpson Alan,150,,,BPB Pub.,,737655,DCSE|98|E|3,2,33
134,Operating System,Madnik Danovan,113.03,,,Mc Graw International,,712532,DCSE|98|E|3,2,34
135,How to solve it by Computer,R.G. Dromoy,35,,,PHI,,712533,DCSE|98|E|3,2,35
133,Pascal for Science & Engineering,"James J.,M.C. Gregar",55,,,Galgotia,,712531,DCSE|98|E|3,2,36
142,Beginning Forth,Paul Chirlian,,16.95,,Matrix Publishers,,737498,DCSE|98|E|3,2,37
46,Comp. Oriented Num.Methods Ed.3,"Rajaraman,V.",29,,,PHI,,192,DCSE|98|E|3,2,38
119,Train. Course : Using A dBase III Plus,Workbook-A. Tate,180,,,BPB Pub.,,737199,DCSE|98|E|3,2,39
120,Train. Course : Using A dBase III Plus,Workbook-A. Tate,180,,,BPB Pub.,,737200,DCSE|98|E|3,2,40
190,Data Processing,Mortin,48,,,TMH,,737657,DCSE|98|E|3,2,41
191,Data Processing,Mortin,48,,,TMH,,737658,DCSE|98|E|3,2,42
188,MS/PC/DOS Book,Stultz,55,,,SKW Enterprises,,737649,DCSE|98|E|3,2,43
219,Digital Fundamental (REPLACE),Floyd,,,,,,219,DCSE|98|E|3,2,44
206,Assem. Lang. Tech. for the IBM PC,"Miller,Alan R.",90,,,BPB Pub.,,737656,DCSE|98|E|3,2,45
205,Advanced Techniques in dBase III,Simpson Alan,150,,,BPB Pub.,,737654,DCSE|98|E|3,2,46
160,System Programming,"Donovan,J. John",,7.5,,Mc Graw Hill,,737700,DCSE|98|E|3,3,1
161,System Programming,"Donovan,J. John",,7.5,,Mc Graw Hill,,737701,DCSE|98|E|3,3,2
162,System Programming,"Donovan,J. John",,7.5,,Mc Graw Hill,,737693,DCSE|98|E|3,3,3
163,System Programming,"Donovan,J. John",,7.5,,Mc Graw Hill,,737698,DCSE|98|E|3,3,4
164,System Programming,"Donovan,J. John",,7.5,,Mc Graw Hill,,737699,DCSE|98|E|3,3,5
165,System Programming,"Donovan,J. John",,7.5,,Mc Graw Hill,,737692,DCSE|98|E|3,3,6
166,System Programming,"Donovan,J. John",,7.5,,Mc Graw Hill,,737694,DCSE|98|E|3,3,7
167,System Programming,"Donovan,J. John",,7.5,,Mc Graw Hill,,737696,DCSE|98|E|3,3,8
168,System Programming,"Donovan,J. John",,7.5,,Mc Graw Hill,,737695,DCSE|98|E|3,3,9
169,System Programming,"Donovan,J. John",,7.5,,Mc Graw Hill,,737697,DCSE|98|E|3,3,10
158,Data Structure,Lipsehutz Symour,,,,,LOST,737691,DCSE|98|E|3,3,11
159,Data Structures,Lipsehutz Symour,,9,,Mc Graw Hill,,737690,DCSE|98|E|3,3,12
155,Introduction to Computer Science,Scheid Francis,,10.5,,Mc Graw Hill,,737688,DCSE|98|E|3,3,13
156,Introduction to Computer Science,Scheid Francis,,10.5,,Mc Graw Hill,,737689,DCSE|98|E|3,3,14
157,Introduction to Computer Science,Scheid Francis,,10.5,,Mc Graw Hill,,737687,DCSE|98|E|3,3,15
149,An Introduction to Micro Computers,Osborne Adam,,6.5,,Mc Graw Hill,,737681,DCSE|98|E|3,3,16
154,Structured COBOL,Litecky R. Charles,116.45,,,Mc Graw Hill,,737686,DCSE|98|E|3,3,17
153,An Introduction to Micro Computers,Osborne Adam,54.12,,,Mc Graw Hill,,737685,DCSE|98|E|3,3,18
150,Numerical Analysis,Scheid Francis,,4.5,,Mc Graw Hill,,737684,DCSE|98|E|3,3,19
151,Numerical Analysis,Scheid Francis,,4.5,,Mc Graw Hill,,737683,DCSE|98|E|3,3,20
152,Numerical Analysis,Scheid Francis,,4.5,,Mc Graw Hill,,737682,DCSE|98|E|3,3,21
170,Introduction to Pascal,"Mathur,Aditya P",,,,,LOST,737708,DCSE|98|E|3,3,22
171,Introduction to Pascal,"Mathur,Aditya P",,,,,LOST,737710,DCSE|98|E|3,3,23
182,More than 32 Basic Programme,Tom Ruggs Philfeld,180,,,Beatyon,,737675,DCSE|98|E|3,3,24
181,COBOL for Beginners,"Worth,Thomas",55,,,PHI,,737713,DCSE|98|E|3,3,25
196,The Manual Lotus 1-2-3,William ,45,,,BPB Pub.,,737659,DCSE|98|E|3,3,26
225,Principle Interactive Comp. Graphics,Newman,116.45,,,Mc Graw Hill,,702598,DCSE|98|E|3,3,27
226,An Introduction to Database Design,Salzberg,116.4,,,AP,,702599,DCSE|98|E|3,3,28
228,Advance Techniques in Turbo Pascal,Edwardo C.Charles,60,,,BPB Pub.,,702580,DCSE|98|E|3,3,29
222,Wordstar Tips & Traps,Anderson,54,,,BPB Pub.,,702607,DCSE|98|E|3,3,30
223,IBM Hardware & Software,Sandler,66,,,BPB Pub.,,702608,DCSE|98|E|3,3,31
235,Computer System Architecture,M.Morris Mano,55,,,PHI,ISSUED (STD),702587,DCSE|98|E|3,3,32
233,Switching & Finite Automata Theory,ZVI Kohavi,60,,,BPB Pub.,,702585,DCSE|98|E|3,3,33
234,Introduction to Wordstar,Arthur Naiman,60,,,PHI,,702586,DCSE|98|E|3,3,34
221,DOS Instant References,Harvey,36,,,BPB Pub.,,702606,DCSE|98|E|3,3,35
217,Mastering Auto Card,Omura,60,,,BPB Pub.,,702602,DCSE|98|E|3,3,36
218,Prolog Prog.Techniques App.,Garavaglis,308.25,,,HIR,,702603,DCSE|98|E|3,3,37
213,First Steps in 80286 Assem. Lang.,Erskine,,14.5,,Glentop,,702432,DCSE|98|E|3,3,38
214,Unix on the IBM PC,Twitty,,,£   6.95,Glentop,,702433,DCSE|98|E|3,3,39
215,80306  Microprocessor Hand Book,Pappas,,,£   6.95,Mc Graw Hill,,702434,DCSE|98|E|3,3,40
212,dBase III Plus: A Comp. User's Manual,Bharicha D. Kermam,54,,,Tech Publi.,,702431,DCSE|98|E|3,3,41
210,1001 Things to do with your IBM PC,Mark,,,,,LOST,737674,DCSE|98|E|3,3,42
1857,Optimising the Windows Registry,Ivens Kathy,395,,,Comdex,,897983,DCSE/19/3,1,1
1858,Graphics Programming ,Abrash's,495,,,Comdex,,897984,DCSE/19/3,1,2
1859,Computer Graphics,Siggraph,,,,ACM Press,,1859,DCSE/19/3,1,3
1861,Introduction to A.I.,Charniak,,,,Wisley A,,1861,DCSE/19/3,1,4
1862,An Operating System Vade Mecum,Raphael A.F.,,,,P.Hall,,1862,DCSE/19/3,1,5
1863,Programming in Pascal,Frates Vaczovsky,,,,P.Hall,,1863,DCSE/19/3,1,6
1864,Microprocessor Arch.-Prog. & Appli.,Gaonkar,,,,Wiley Eastern Ltd..,,1864,DCSE/19/3,1,7
1865,Microprocessor Arch.-Prog. & Appli.,Gaonkar,,,,Wiley Eastern Ltd..,,1865,DCSE/19/3,1,8
1866,Data Structured Program Design,Hausen K.,,,,P.Hall,,1866,DCSE/19/3,1,9
1867,Database Analysis & Design,Howryszkiewycz,,,,SRA,,1867,DCSE/19/3,1,10
1868,Inside Small talk,Lalonde W.R.,,,,P.Hall,,1868,DCSE/19/3,1,11
1869,Fundamentals of Computer Engineering,Heman Lam,,,,Wiley,,1869,DCSE/19/3,1,12
1870,Digital Logic Design,Gideon Langholz,,,,Wm. C. Brown,,1870,DCSE/19/3,1,13
1871,Digital logic computer design,M Mano,,,,P.Hall,,1871,DCSE/19/3,1,14
1872,System Prog. For Small Computers,Daniel H.M.,,,,P.Hall,,1872,DCSE/19/3,1,15
1873,Principles of Relational  Database,Mittra S.S.,,,,P.Hall,,1873,DCSE/19/3,1,16
1874,An Introduction to Computer Logic,H. Troynagle Jr.,,,,P.Hall,,1874,DCSE/19/3,1,17
1875,Fortran 77 for Engineers & Scientists,NY Hoff Leestma,,,,Mc Millan,,1875,DCSE/19/3,1,18
1876,Principles of Distributed  Database Sys.,M. Tamer Ozsu,,,,P.Hall,,1876,DCSE/19/3,1,19
1877,Computers Managers & Society,Rose Michael,,,,Peguin,LOST,1877,DCSE/19/3,1,20
1878,Operating System,Raymond W. Turner,,,,Mc Millan,,1878,DCSE/19/3,1,21
1879,The C++ Workbook,Richard S. Wieuer,,,,Wesley A.,,1879,DCSE/19/3,1,22
1880,Prob. Sol. & Structured Prog. In Pascal,Wilson Nelson,,,,Wesley A.,,1880,DCSE/19/3,1,23
1881,Dev. Cli./Ser. Appli. Oracle Rev.2000,Hipsley P.,423,,,Tata Mc Graw,,909747,DCSE/19/3,1,24
1882,Oracle Developer 2000/H.B,Muller R.J.,350,,,TMH,,909748,DCSE/19/3,1,25
1883,Com. Appli. Dev. Using Oracle 2000,Bayross I.,240,,,BPB,,909749,DCSE/19/3,1,26
1884,Data Structures & Algorithms,Aho A.V.,218,,,A/W,,909750,DCSE/19/3,1,27
1885,Advanced C++,Coplien J.O.,984.12,,,A/W,,909751,DCSE/19/3,1,28
1886,Software Engineering A Practitioner Approach (REPLACE),Pressman,,,,MC GRAW,,909752,DCSE/19/3,2,1
1887,C++ Primer,Lippmam S.B.,349.6,,,A/W,,909753,DCSE/19/3,2,2
1888,Intro. To Parallel & Distri. Comp.,Crichlow J.M.,95,,,PHI,,909754,DCSE/19/3,2,3
1889,Richard Feynman,Gribbin J.,210,,,Univ Press,ISSUED (SKB),909755,DCSE/19/3,2,4
1890,High Performance Computing,Kuck D.J.,480,,,Oxford University,ISSUED (SKB),909756,DCSE/19/3,2,5
1891,Chaotic Dynamics,Baker G.J.,1080,,,Cambridge,ISSUED (SKB),909757,DCSE/19/3,2,6
1892,Data Structures Via C++,Berman A.M.,695,,,Oxford University,,909758,DCSE/19/3,2,7
1893,OOP for Windows,Tello E.R.,1308.81,,,Wieley,,909759,DCSE/19/3,2,8
1894,IT for Growth & Prosperity,Bandyopadhyay S.,325,,,TMH,,909760,DCSE/19/3,2,9
1895,Data & Computer Communications,Stallings W.,250,,,PHI,,909761,DCSE/19/3,2,10
1896,Essentials of Programming ,Friedman D.P.,275,,,TMH,,909762,DCSE/19/3,2,11
1897,Operating System,Cowley C.,275,,,TMH,,909763,DCSE/19/3,2,12
1898,Fuzzy Neural Control,Nie J.,125,,,PHI,,909764,DCSE/19/3,2,13
1899,Science of Programming,Gries,110,,,Narosa,,909765,DCSE/19/3,2,14
1900,Funda. Of Artificial Neural Network,Hassoun M.H,295,,,PHI,,909766,DCSE/19/3,2,15
1901,Intro. To Automata The Lang. & Comp.,Hopcraft,145,,,Narosa,,1901,DCSE/19/3,2,16
1902,Integrated Approach to Software Engg.,Jalote,250,,,Narosa,,909768,DCSE/19/3,2,17
1903,Fundamentals of Algorithms,Brassard G.,225,,,PHI,,909769,DCSE/19/3,2,18
1904,Computer Programming in Fortran 90,Raja Raman V.,150,,,PHI,,909770,DCSE/19/3,2,19
1905,Digital Integrated Electronics,Taub H.,294.97,,,TMH,,909771,DCSE/19/3,2,20
1906,Theory of Computer Science,Mishra K.L.P,125,,,PHI,,909772,DCSE/19/3,2,21
1907,C++ Programming Language,Stroustrup,524,,,Wiley,,909773,DCSE/19/3,2,22
1908,Advanced Computer Architecture,Kain R.Y.,295,,,PHI,,909774,DCSE/19/3,2,23
1909,Programming Languages,Applesby D.,195,,,TMH,,909775,DCSE/19/3,2,24
1910,Computer Arch. & Organisation,Hayes J.P.,316.8,,,MGH,,909659,DCSE/19/3,2,25
1911,Online Computer & Competitive Ana.,Boradin,2551.5,,,Cambridge,ISSUED (SKB),909660,DCSE/19/3,2,26
1912,Computer Networks,Taneubaum A.S.,195,,,PHI,,909668,DCSE/19/3,2,27
1913,Operating System,Deital H.M.,251.25,,,AWL,,909669,DCSE/19/3,2,28
1914,Operating System Concept (REPLACE),Silberschatz,,7.5,,AWL,,909670,DCSE/19/3,2,29
1915,Operating System Concepts,Silberschatz,,7.5,,AWL,,909671,DCSE/19/3,2,30
1916,Operating System Concepts,Silberschatz,,7.5,,AWL,,909672,DCSE/19/3,3,1
1917,Operating System Concepts,Silberschatz,,6.5,,AWL,,909673,DCSE/19/3,3,2
1918,Operating System Internals & Design (REPLACE),Stallings.W,,,,PHI,,909674,DCSE/19/3,3,3
1919,Fundamentals of Database Systems,Elmasri,,6.5,,AWL,,909675,DCSE/19/3,3,4
1920,Fundamentals of Database Systems,Elmasri,395,,,PHI,,909676,DCSE/19/3,3,5
1921,Operating System Des. & Imp.,Taneubaum ,,7.75,,Mc Graw,,909677,DCSE/19/3,3,6
1922,Comp. Arch. And Parallel Processing,Kai Hwang,,7.75,,Mc Graw,,909678,DCSE/19/3,3,7
1923,Comp. Arch. And Parallel Processing,Kai Hwang,,5.25,,AWL,,909679,DCSE/19/3,3,8
1924,C++ FAQs,Cline M.P.,349.6,,,AWL,,910063,DCSE/19/3,3,9
1925,Adv. Prog. In Unix Environment,Stevens W.R.,175,,,BPB,,910064,DCSE/19/3,3,10
1926,Unix Shell Programming ,Kanetkar ,,,,BPB,LOST,910065,DCSE/19/3,3,11
1927,Unix Shell Programming,Kanetkar ,399,,,BPB,,910066,DCSE/19/3,3,12
1928,Building Intranets on NT Net & Solaris,Steru M.,,,,BPB,,910067,DCSE/19/3,3,13
1929,Mathmatical Elements for Computer Graphics (REPLACE),Rogers,,11.95,,Mc Graw,,910068,DCSE/19/3,3,14
1930,Mathmatical Elements of Comp. Gr.,Rogers,,11.95,,Mc Graw,,910069,DCSE/19/3,3,15
1931,Mathmatical Elements of Comp. Gr.,Rogers,303.7,,,Mc Graw,,910070,DCSE/19/3,3,16
1932,Procrdural Elements Of Comp. Gr.,Rogers D.F.,175,,,PHI,,910071,DCSE/19/3,3,17
1933,IBM PC Assem. Lang. & Prog.,Abel P.,175,,,PHI,,910072,DCSE/19/3,3,18
1934,IBM PC Assem. Lang. & Prog.,Abel P.,175,,,PHI,,910075,DCSE/19/3,3,19
1935,IBM PC Assem. Lang. & Prog.,Abel P.,175,,,PHI,ISSUED (B.N PANDEY),910076,DCSE/19/3,3,20
1937,IBM PC Assem. Lang. & Prog.,Abel P.,375,,,Tata Mc Graw,,1937,DCSE/19/3,3,21
1938,The Internet Complete Reference,Hahu H.,175,,,PHI,,910077,DCSE/19/3,3,22
1939,IBM PC Assem. Lang. & Prog.,Abel Peter,175,,,PHI,ISSUED (PKS),913526,DCSE/19/3,4,1
1940,IBM PC Assem. Lang. & Prog.,Abel Peter,175,,,PHI,,913527,DCSE/19/3,4,2
1941,IBM PC Assem. Lang. & Prog.,Abel Peter,175,,,PHI,,913528,DCSE/19/3,4,3
1942,IBM PC Assem. Lang. & Prog.,Abel Peter,175,,,PHI,,913529,DCSE/19/3,4,4
1943,IBM PC Assem. Lang. & Prog.,Abel Peter,395,,,PHI,,913530,DCSE/19/3,4,5
1944,Computer Graphics,Hearn/Baker,395,,,PHI,,913531,DCSE/19/3,4,6
1945,Computer Graphics,Hearn/Baker,395,,,PHI,,913532,DCSE/19/3,4,7
1946,Computer Graphics,Hearn/Baker,195,,,PHI,,913533,DCSE/19/3,4,8
1947,Practical Parallel Programming,Wilson,,7,,AWL,,913534,DCSE/19/3,4,9
1948,Operating System Concepts,Silberschatz,,7,,AWL,,913537,DCSE/19/3,4,10
1949,Operating System Concepts,Silberschatz,,7,,AWL,,913536,DCSE/19/3,4,11
1950,Operating System Concepts,Silberschatz,,,,AWL,,913535,DCSE/19/3,4,12
1951,Fundamentals of Data Base Systems (REPLACE),Elsmari Navathe,434.8,,,AWL,,913538,DCSE/19/3,4,13
1952,C++ Primer,Lippmam / Lapore,394.6,,,AWL,,913539,DCSE/19/3,4,14
1953,Adv. Prog. In Unix Environment,Stevens,262.2,,,AWL,,913540,DCSE/19/3,4,15
1954,Principles of CMOS VLSI Design,Wesbe,371.45,,,AWL,,913541,DCSE/19/3,4,16
1955,Comp. Graphics: Principles & Practice,Foley,262.2,,,AWL,,913542,DCSE/19/3,4,17
1956,The Java Programming Language,Arnold Gosling,266.55,,,AWL,,913543,DCSE/19/3,4,18
1957,Artificial Intelligence ,Charniak,240.35,,,AWL,,913544,DCSE/19/3,4,19
1958,The Java FAQ,Kanerva,229.4,,,AWL,,913545,DCSE/19/3,4,20
1959,The C++ FAQ,Cline/Lomow,391.1,,,Mc Graw,,913546,DCSE/19/3,4,21
1960,Software Engineering ,Pressmann,1275.45,,,AWL,,913547,DCSE/19/3,4,22
1961,Giabit Networking,Partridge G.C.,125,,,PHI,,909963,DCSE/19/3,4,23
1962,Prob. & Stat. Re. Q & Comp. Sc. App.,Trivedi K.R.,284.7,,,AWL,,909964,DCSE/19/3,4,24
1963,Undocumented DOS through C (REPLACE),Date C.J.,,,,BPB,,909965,DCSE/19/3,4,25
1964,Introduction to Database System,Kanetkar Y,1130.92,,,AWL,,909966,DCSE/19/3,5,1
1965,Distributed Op. Systems & Algorithm,Chow R.,721.39,,,AWL,,909967,DCSE/19/3,5,2
1966,Object Technology,Taylor D.A.,1768.06,,,AWL,,909968,DCSE/19/3,5,3
1967,Object Solutions,Booch G.,450,,,BPB,,909969,DCSE/19/3,5,4
1968,TCP/IP for NT Server 4,MCSE,350,,,PHI,,909970,DCSE/19/3,5,5
1969,X Windows System Programming,Barkakati,135,,,New Age International,,909971,DCSE/19/3,5,6
1971,Programming in C,Ravichandran,962.29,,,AWL,,909973,DCSE/19/3,5,7
1972,Java Virtual Machine Specification,Lindholm Yellin,1530.81,,,AWL,,909974,DCSE/19/3,5,8
1973,Pentium Processor System Arch.,Mindshare,1618.41,,,AWL,,909975,DCSE/19/3,5,9
1974,Pentium Pro. & Pen. II Sys. Arch.,Mindshare,841.84,,,AWL,,909976,DCSE/19/3,5,10
1975,Measuring Software Reuse,Poulin J.S.,1155,,,AWL,,909977,DCSE/19/3,5,11
1976,Inside CORBA,Mowbray Ruh,1617.71,,,AWL,,909978,DCSE/19/3,5,12
1977,Data Mining,Adriaans P.,,,,AWL,,909980,DCSE/19/3,5,13
1978,ATM Sol. For Ent. Internate Working,Ginsburg D.,890.02,,,AWL,,909981,DCSE/19/3,5,14
1979,Latex-user Guide & Ref. Manual,Lamport,1155,,,AWL,,909982,DCSE/19/3,5,15
1980,Building Neural Network,Skapura D.M.,503.7,,,AWL,,909983,DCSE/19/3,5,16
1981,Data Struct. & Algorithms Soft. Prin.,Stanish T.A.,591.3,,,Mc Graw,,909979,DCSE/19/3,5,17
1982,An Engg. App. To Comp. Networking,Keshav S.,1130.92,,,PHI,,909984,DCSE/19/3,5,18
1983,Parallel Computing: Theory & Practice,Quinn M.J.,1155,,,AWL,,919143,DCSE/19/3,5,19
1984,Comp. Geometry & Comp. Graphics,Laszlo D.B.,195,,,AWL,,919144,DCSE/19/3,5,20
1985,Data Communications,Hughes L.,195,,,Narosa,,910664,DCSE/19/3,5,21
1986,Introduction to Graph Theory,West D.B.,195,,,PHI,,910665,DCSE/19/3,5,22
1987,Comp. Geometry & Comp. Graphics,Laszlo D.B.,250,,,PHI,,910666,DCSE/19/3,5,23
1988,1001 Programming Tips & Tricks,Renehan,399,,,Galgotia,,910667,DCSE/19/3,5,24
1989,Mastering Visual C++,Young,150,,,BPB,,910668,DCSE/19/3,5,25
1990,Principles of Database Management,Martin J.,125,,,PHI,,910669,DCSE/19/3,5,26
1991,Software Architecture,Shaw M.,225,,,PHI,,910670,DCSE/19/3,5,27
1992,Data Communications,Gupta P.C.,195,,,PHI,,910671,DCSE/19/3,5,28
1993,Telecommunications & Computers,Martin J.,175,,,PHI,,910670,DCSE/19/3,5,29
1994,The Internet Book,Commer D.E.,295,,,PHI,,910673,DCSE/19/3,5,30
1995,Programming with 80286 Computers,Brey B.B.,1344.65,,,PHI,,910674,DCSE/19/3,5,31
1996,The Des. & Imp. Of 4.4 BSD Op. Sys.,Mcknsick M.K.,960.08,,,AWL,,910653,DCSE/19/3,5,32
1997,STL Tutorial & Reference Guide,Musser D.R.,719.73,,,AWL,,910654,DCSE/19/3,5,33
1998,C Traps & Pitfalls,Koenig A.,267.18,,,AWL,,910655,DCSE/19/3,5,34
1999,Introduction to AI,Charniak,251.85,,,AWL,,914202,DCSE/19/3,5,35
1573,Programming Windows,Kumar D.,275,,,BPB,,878160,DCSE/74/2,1,1
1572,The Intel Microprocessors,Barry B.B.,195,,,PHI,,878156,DCSE/74/2,1,2
1570,Borland C++4 OOP,Faison,225,,,Prentice Hall,,878154,DCSE/74/2,1,3
1569,Unix Communications & the Internet,Anderson,250,,,Prentice Hall,,878153,DCSE/74/2,1,4
1579,Software Engineering,Pressman,268,,,Mc Graw,,878163,DCSE/74/2,1,5
1581,Internet working with TCP/IP Vol. I,Comer & Stevens,150,,,PHI,,878165,DCSE/74/2,1,6
1582,Internet working with TCP/IP Vol. II,Comer & Stevens,150,,,PHI,,878166,DCSE/74/2,1,7
1588,An Introduction to OOP,Budd. T.,458.2,,,Prentice Hall,,878172,DCSE/74/2,1,8
1589,Hard Disk Secrets,Goodman J.M.,295,,,Wesley A.,,878177,DCSE/74/2,1,9
1591,Win. 3/3.1 Trouble Shooting Guide,Harris NUGUS,95,,,Galgotia,,878179,DCSE/74/2,1,10
1590,C++ Real Time 3D Graphics,Tyler A.,100,,,Galgotia,,878178,DCSE/74/2,1,11
1577,Borland C++ Developer's Bible,Peterson M.,250,,,Galgotia,,878161,DCSE/74/2,1,13
1583,Internet working with TCP/IP Vol. III,Comer & Stevens,150,,,PHI,,878167,DCSE/74/2,1,12
1580,Advcd. Prog. In Unix Environment,Stevens W.R,600,,,Wesley A.,,878164,DCSE/74/2,1,14
1578,Borland C++ Techniques & Utilities,Christian K.,240,,,BPB,,878162,DCSE/74/2,1,15
1629,Perernorton's Guide to Unix,Norton P.,150,,,BPB,,881871,DCSE/74/2,1,16
1576,Lisp Programming,Sangal Rajeev,120,,,TMH,,878158,DCSE/74/2,1,17
1568,Programming in Visual Basic,McBridge P.K.,75,,,BPB,,878152,DCSE/74/2,1,18
1575,PC Learning Labs Teaches Netware,PC Labs,135,,,BPB,,878159,DCSE/74/2,1,19
1587,Borland C++4 OOP,Faison Ted.,225,,,Prentice Hall,,878171,DCSE/74/2,1,20
1635,PC Architecture & Assembly Lang.,Kauliv B.,100,,,G/P,,883796,DCSE/74/2,1,21
1592,Introduction to Windows Prog.,Braden,99,,,Jaico,,855872,DCSE/74/2,1,22
1574,A Introduction to OOP,Witt. K.U.,60,,,Galgotia,,878157,DCSE/74/2,1,23
1584,The Complete Foxpro 2.5 Lang. Ref.,Mc Clanahan,90,,,BPB,,878168,DCSE/74/2,1,24
1585,Dev. & Dis. Microsoft Foxpro 2.5/2.6,Havewala,99,,,BPB,,878169,DCSE/74/2,1,25
1586,The Design of Relational Database,Mannila Raiha,409.22,,,Wesley A.,,878170,DCSE/74/2,1,26
1571,Fox Pro 2.6,Griver,780,,,BPB,,878155,DCSE/74/2,1,27
1597,Mastering 6 for Windows,Mansfield ,350,,,Galgotia,,878173,DCSE/74/2,2,1
1594,Power Builder 4,Mc Clanahan,350,,,Galgotia,,855874,DCSE/74/2,2,2
1600,Unix Networks Programming,Richard Stevens,175,,,PHI,,878176,DCSE/74/2,2,3
1599,Teach us Excel 5.0 for Windows,BPB PC Labs,150,,,BPB,,878175,DCSE/74/2,2,4
1601,Wordstar 7.0,Subha Mehta,126,,,Galgotia,,880066,DCSE/74/2,2,5
1602,Illustrated C,Zohman L.,99,,,BPB,,880962,DCSE/74/2,2,6
1598,Teach us DOS 6 & 6.2,BPB PC Labs,150,,,BPB,,878174,DCSE/74/2,2,7
1595,Your Fox Pro for Windows Consultant,Mathews,230,,,BPB,,855875,DCSE/74/2,2,8
1596,Fox Pro 2.5 for Windows Prog. Guide,Antonovich M.,230,,,Galgotia,,855876,DCSE/74/2,2,9
1593,C Complete Manual,Herold. Unger,150,,,BPB,,855873,DCSE/74/2,2,10
1691,Illustrated Comp. Dic. For Dummies,Gookin,,,,Pustak Mahal,,885531,DCSE/74/2,2,11
1614,dBase 5 for Win Prog. For Dummies,Coombs & Coombs,135,,,Pustak Mahal,,880996,DCSE/74/2,2,12
1613,Word for Windows 6 for Dummies,Goodkin,135,,,Pustak Mahal,,88095,DCSE/74/2,2,13
1615,Unix for Dummies ,Levine Young,110,,,Pustak Mahal,,880997,DCSE/74/2,2,14
1606,C for Dummies,Good Kin D.,150,,,Pustak Mahal,,880988,DCSE/74/2,2,15
1604,OS/2 for Dummies,Rathbone,175,,,Comdex,,880986,DCSE/74/2,2,16
1611,Windows 95 for Dummies,Comdex,150,,,Pustak Mahal,,880993,DCSE/74/2,2,17
1612,Windows for Dummies,Rathborne,110,,,Comdex,,880994,DCSE/74/2,2,18
1608,Fox Pro 2.6 for Windows,Kaufeld J.,135,,,Comdex,,880993,DCSE/74/2,2,19
1605,Windows 95 Handbook,Good Kin D.,195,,,Comdex,,880987,DCSE/74/2,2,20
1609,Advanced Unix for Dummies,Levine Young,150,,,Comdex,,880991,DCSE/74/2,2,21
1610,Windows 95 Prog. for Dummies,Comdex,150,,,Comdex,,880992,DCSE/74/2,2,22
1603,ZEN of Graphics Programming,Abrash M.,325,,,Comdex,,880985,DCSE/74/2,2,23
1607,Windows 95 Uncut,Simpson A.,450,,,Comdex,,880989,DCSE/74/2,2,24
1617,Corel Draw 5 for Dummies,Werner R.,32,,,Comdex,,881000,DCSE/74/2,2,25
1616,Unix for Dummies (Quick Reference),Young & Levine,32,,,Pustak Mahal,,880998,DCSE/74/2,2,26
1244,MS DOS/PC DOS 5 Quick Ref. Man.,B.P.B,36,,,BPB,,812229,DCSE/74/2,2,27
1619,Wordstar 7.0,Mehta,150,,,West,,880999,DCSE/74/2,2,28
1640,Unix Power Tools,Jerry Peek,395,,,BPB,,883801,DCSE/74/2,3,1
1639,Local Area Network,Basendra S.K.,185,,,G/P,,883800,DCSE/74/2,3,2
1631,Understanding Power Building 4.0,Mathur R.,250,,,G/P,,881673,DCSE/74/2,3,4
1637,Unix Shell Programming,Arthur Burns.,180,,,G/P,,883798,DCSE/74/2,3,5
1633,Understanding Power Building 4.0,Mathur R.,250,,,G/P,,881675,DCSE/74/2,3,6
1632,Understanding Power Building 4.0,Mathur R.,250,,,G/P,,881674,DCSE/74/2,3,7
1634,App. Dev. With Power Builder 4.0,Sedani R.K.,250,,,G/P,,889676,DCSE/74/2,3,8
1636,Object Oriented Software Engg.,Mehta S.,230,,,G/P,,883797,DCSE/74/2,3,9
1638,Practical Data Structure,Flamming P.,180,,,G/P,,883799,DCSE/74/2,3,10
1627,C & Unix Programming,Kutti Narayan Swamy,135,,,TMH,,880960,DCSE/74/2,3,11
1621,Power Builder 4.0 Developer's Guide,Casciato C.,294,,,BPB,,880954,DCSE/74/2,3,12
1620,Learning C++,Nagler,180,,,BPB,,881002,DCSE/74/2,3,13
1630,Teach Yourself dBase for Windows,Siegal C.,99,,,BPB,,881672,DCSE/74/2,3,15
1628,Programming in C,Ravichandran,115,,,Wiely,,880961,DCSE/74/2,3,16
1641,C/C++ Programming Guide,Chris N. Pappas,240,,,BPB,,883802,DCSE/74/2,3,17
1644,PC Upgrade & Maintenance Guide,Minasi Mark,395,,,BPB,,883805,DCSE/74/2,3,18
1642,Understanding dBase 5 for Windows,Simpson Rinehart,640,,,Tech,,883803,DCSE/74/2,3,19
1626,Teach yourself C++,Stevens A.L.,150,,,BPB,,880959,DCSE/74/2,3,20
1625,Power Builder Concepts & Application,Bayross I.,180,,,BPB,,880958,DCSE/74/2,3,21
1648,Advanced Fractal Programming,Stevens,225,,,BPB,,884094,DCSE/74/2,3,22
1624,Power Builder (Commercial App. in),Bayross I.,195,,,BPB,,880957,DCSE/74/2,3,23
1623,Windows 95,Mathews & Mathews,54,,,BPB,,880956,DCSE/74/2,3,24
1622,Undocumented DOS through C,Kantekar ,195,,,BPB,,880955,DCSE/74/2,3,25
1618,Windows for Dummies,Harvey,32,,,Comdex,,881001,DCSE/74/2,3,26
1649,Success will C++,Jamsa,240,,,Galgotia,,884095,DCSE/74/2,3,27
1643,C++ Neural Network & Fuzzy Logic,Rao V.B. & Rao H.V.,225,,,BPB,,883804,DCSE/74/2,3,28
1650,DOS 6.2,Socha,205,,,Galgotia,,884096,DCSE/74/2,3,28
1645,Relational Database ,Page A.J.,75,,,Galgotia,,884092,DCSE/74/2,3,29
1647,Child Windows,Braden,99,,,BPB,,884093,DCSE/74/2,3,30
1657,Inside the PC,Norton P.,,,,PHI,,857862,DCSE/74/2,4,1
1658,Programming Languages,Pratt & Zelkourity,195,,,PHI,,858135,DCSE/74/2,4,2
1652,Computer Viruses: A Date with,Chandra N.,145,,,Pustak Mahal,,884377,DCSE/74/2,4,3
1651,PC Game Programming Explorer,Roberts D.,295,,,Pustak Mahal,,884372,DCSE/74/2,4,4
1653,Windows Prog. Using Winscape,Swan Tom,295,,,Pustak Mahal,,884374,DCSE/74/2,4,5
1655,Visual C++ Multimedia,Aitken,450,,,Comdex,,884376,DCSE/74/2,4,6
1654,OLE 2.0 Programming,Holzener,325,,,Pustak Mahal,,884375,DCSE/74/2,4,7
1676,Window 95 Secrets,Livingstone,,,,Comdex,,885190,DCSE/74/2,4,8
1678,Windows 95 System Secrets,Pietrek M.,395,,,Comdex,,885792,DCSE/74/2,4,9
1666,Developing Client/Server Applications,Hisply,1790,,,SAMS,,858129,DCSE/74/2,4,10
1661,JAVA Now,Jamsa K.,200,,,Galgotia,,858138,DCSE/74/2,4,11
1677,Zen of Window 95,Grinzo L.,,,,Comdex,LOST,858130,DCSE/74/2,4,12
1669,Windows 95 Resource Kit,Microsoft,1340,,,Microsoft,,858132,DCSE/74/2,4,13
1665,Oracle Book ,Libschutz,180,,,BPB,,858134,DCSE/74/2,4,14
1659,Designing object oriented software,Brock W R,,,,PHI,,858136,DCSE/74/2,4,15
1656,Dev. Power Builder 4 Applications,Hatfield B.,295,,,PHI,,857861,DCSE/74/2,4,16
1673,Optimizing Windows,Wyatt,195,,,Comdex,,893393,DCSE/74/2,4,17
1663,Borland C++ Developer's Guide,Peterson ,,,,BPB,LOST,874707,DCSE/74/2,4,18
1671,1001 Windows 95 Tips,Perry Grey,250,,,Galgotia,,893353,DCSE/74/2,4,19
1672,Expert Systems,Jean-Louis Erwine,75,,,P.Hall,,893394,DCSE/74/2,4,20
1703,C++ Primer Plus,Patra,250,,,G/P,,894086,DCSE/74/2,4,21
1706,Software Engineering Concepts,Fairly ,252,,,Mc Graw,,891195,DCSE/74/2,4,22
1704,Artificial Intelligence (REPLACE),Rich.E,,,,TMH,,894086,DCSE/74/2,4,23
1708,Computer Objectives,Bansal,,,,Gk,,891205,DCSE/74/2,4,24
1690,World for Win 95 Bible,Heslop Angell,450,,,Comdex,,885530,DCSE/74/2,5,1
1705,Computer Graphics,Hearn & Baker,395,,,PHI,,891157,DCSE/74/2,5,2
1698,A Comprehensive Guide to C++,Aklecha V.,99,,,BPB,,893865,DCSE/74/2,5,3
1696,JAVA Script,Kooros P.,135,,,Galgotia,,893863,DCSE/74/2,5,4
1695,"Num. Methods for Math.,Sc. & Engg.",Mathews J.H.,150,,,PHI,,893862,DCSE/74/2,5,5
1682,HTML for Dummies,Tittel,225,,,Comdex,,885533,DCSE/74/2,5,6
1685,Oracle 7: Desk Reference,leon,150,,,Comdex,LOST,885537,DCSE/74/2,5,7
1683,A Comprehensive Guide to C++,Allecha,99,,,BPB,,885534,DCSE/74/2,5,8
1681,Found. Of www Prog. With HTML CGI,Tittel,450,,,Comdex,,885535,DCSE/74/2,5,9
1689,MS Office for Win 95 Bible,Jones Sutton,450,,,Comdex,,885529,DCSE/74/2,5,10
1684,Oracle 7: The App. Dev. Handbook,leon,175,,,Comdex,LOST,885536,DCSE/74/2,5,11
1688,Free Stuff for Windows 95,Vicente P.,299,,,Comdex,,885528,DCSE/74/2,5,12
1701,Data Communications,Gupta P.C.,225,,,PHI,,894084,DCSE/74/2,5,12
1700,Software Engineering Concepts,Fairly R.,252,,,Mc Graw,,890837,DCSE/74/2,5,14
1699,Artificial Intelligence ,Rich & Knight,199,,,Mc Graw,,890838,DCSE/74/2,5,15
1694,Let us C,Kantekar Y.,120,,,BPB,,893867,DCSE/74/2,5,16
1702,Computer Architecture,Flynn,240,,,NPH,,894085,DCSE/74/2,5,18
1693,Exploring C (REPLACE),Kanetkar ,,,,BPB,,893866,DCSE/74/2,5,19
1692,Dictionary of Multimedia,Collin S.M.H.,85,,,UBSPD,,893861,DCSE/74/2,5,20
2133,Graph Theory,Deo Narsingh,150,,,PHI,,932992,DCSE/74/3,1,1
2136,Information Technology,Jain V.K.,350,,,BPB,,932994,DCSE/74/3,1,2
2132,Graph Theory,Deo Narsingh,150,,,PHI,ISSUED (MG),932993,DCSE/74/3,1,3
2139,Fundamentals Of Database Systems,Elmasri Navathe,350,,,BPB,,932996,DCSE/74/3,1,4
2138,Fundamentals Of Database Systems ,Elmasri Navathe,,,,BPB,,2138,DCSE/74/3,1,5
2137,Fundamentals Of Database Systems (REPLACE),Elmasri Navathe,350,,,BPB,,2137,DCSE/74/3,1,6
2149,Intro. Prob. & Statistical Applications,Meyer,195,,,Oxford,,933006,DCSE/74/3,1,7
2148,Intro. Prob. & Statistical Applications,Meyer,95,,,Oxford,,933008,DCSE/74/3,1,8
2147,Intro. Prob. & Statistical Applications,Meyer,95,,,Oxford,,933007,DCSE/74/3,1,9
2144,An Integrated App. To Software Engg.,Pankaj Jalote,95,,,Narosa,,933001,DCSE/74/3,1,10
2143,An Integrated App. To Software Engg.,Pankaj Jalote,275,,,Narosa,ISSUED (DRN),933002,DCSE/74/3,1,11
2142,An Integrated App. To Software Engg.,Pankaj Jalote,275,,,Narosa,,933003,DCSE/74/3,1,12
2152,Object Oriented Programming in C++,Barakakati,250,,,PHI,,933009,DCSE/74/3,1,13
2151,Object Oriented Programming in C++,Barakakati,195,,,PHI,,933011,DCSE/74/3,1,14
2153,Computer Networks,Tanenbaum,250,,,PHI,,933014,DCSE/74/3,1,15
2154,Computer Networks,Tanenbaum,240,,,PHI,,933012,DCSE/74/3,1,16
2155,Computer Network,Tanenbaum,,,,PHI,LOST,2155,DCSE/74/3,1,17
2158,Oracle Developer 2000,Bayross Ivan,225,,,BPB,,933017,DCSE/74/3,1,18
2157,Oracle Developer 2000,Bayross Ivan,240,,,BPB,,933015,DCSE/74/3,1,19
2159,Discrete Mathmatical Structure,Kolman Busby,225,,,PHI,,933018,DCSE/74/3,1,20
2160,Discrete Mathmatical Structure,Kolman Busby,295,,,PHI,,933019,DCSE/74/3,1,21
2167,µp Arch. Prog. & App. With 8086,Gaonkar R.S.,275,,,Pentium International,,933026,DCSE/74/3,1,22
2156,Oracle Developer 2000,Bayross Ivan,240,,,BPB,,933016,DCSE/74/3,1,23
2188,Fundamentals Of Database Systems,Navathe,295,,,Pearson Education Asia,,958867,DCSE/74/3,1,24
2168,Microprocessor & Interfacing,Hall,275,,,TMH,,933027,DCSE/74/3,1,25
2150,Object Oriented Programming in C++,Barakakati,195,,,PHI,,933010,DCSE/74/3,1,26
2161,Distibuted Operating System,Sinha P.K.,180,,,PHI,,933020,DCSE/74/3,2,1
2162,Modern Digital Electronics,Jain R.P.,180,,,Mc Graw,,933022,DCSE/74/3,2,2
2163,Modern Digital Electronics,Jain R.P.,180,,,Mc Graw,,933021,DCSE/74/3,2,3
2164,Modern Digital Electronics,Jain R.P.,245,,,Mc Graw,,933023,DCSE/74/3,2,4
2173,Artificial Neural Network (REPLACE),Yegnanara.B,375,,,PHI,,933032,DCSE/74/3,2,5
2174, Neural Network,Haykin Simon,125,,,Pearson Education Asia,,933033,DCSE/74/3,2,6
2175,Fuzzy Neural Control,Nie J.,326.3,,,PHI,,933034,DCSE/74/3,2,7
2176,A Guide to Expert System,Waterman,225,,,Wesley A.,,933035,DCSE/74/3,2,8
2177,modern Operating System,Tanenbaum,225,,,PHI,,933036,DCSE/74/3,2,9
2178,Systems Prog. & Operating System,Dhamdhere,225,,,TMH,,933037,DCSE/74/3,2,10
2179,Operating Systems,Godbole,290,,,TMH,,933038,DCSE/74/3,2,11
2180,Operating Systems,Crowley Charls,375,,,TMH,,933039,DCSE/74/3,2,12
2181,Artificial Intelligence ,Nilson N.J.,295,,,Pearson Education Asia,,933040,DCSE/74/3,2,13
2182,modern Operating System,Tanenbaum,,,,Pearson Education Asia,,958862,DCSE/74/3,2,14
2183,Modern Operating Systems (REPLACE),Tanenbaum,295,,,Pearson Education Asia,,958861,DCSE/74/3,2,15
2184,Artificial Intelligence ,Charniak,420.8,,,Pearson Education Asia,,958864,DCSE/74/3,2,16
2186,Artificial Intelligence ,Patric,350,,,Pearson Education Asia,,958865,DCSE/74/3,2,17
2189,Operating Systems,Dietal,350,,,Pearson Education Asia,,958868,DCSE/74/3,2,18
2239,Data Comm. Comp. Net. & Open Sys.,Halsall F.,275,,,AWL,,958981,DCSE/74/3,2,19
2240,A Book on C,Kelley A.L. & Ira Phol,225,,,AWL,,958982,DCSE/74/3,2,20
2280,Digital Image Processing,Gonzalez,,,,PEArson Education Asia,LOST,932755,DCSE/74/3,2,21
2277,Distributed Systems,Coulouris et al.,450,,,Pearson Education Asia,,932750,DCSE/74/3,2,22
2278,Wireless Applications Protocol,Singhal,325,,,Pearson Education Asia,,932751,DCSE/74/3,2,23
2279,Logic & Comp. Design Fundamentals,Mano,325,,,Wesley A.,,932752,DCSE/74/3,2,24
2276,Linux Kernal Internals,Beck M.,395,,,Pearson Education Asia,,932749,DCSE/74/3,2,25
2191,Distributed Op. Systems ,Tanenbaum,325,,,Pearson Education Asia,,958870,DCSE/74/3,3,1
2192,TCP/IP Illustrated Vol. 1,Stevens,405,,,Pearson Education Asia,,958871,DCSE/74/3,3,2
2193,TCP/IP Illustrated Vol. 3,Stevens,395,,,Pearson Education Asia,,958872,DCSE/74/3,3,3
2194,Compilers,"Aho,Sethi & Ullman",350,,,Pearson Education Asia,,958873,DCSE/74/3,3,4
2195,Data Structure & Algorithms,Aho,375,,,Pearson Education Asia,,958874,DCSE/74/3,3,5
2196,Computer Network,Peterson,75,,,Harcourt Asia,,936233,DCSE/74/3,3,6
2197,Windows 2000 Instant Reference,Van Stean,180,,,BPB,,958876,DCSE/74/3,3,7
2199,Implementing Tally 5.4,Nadhani,450,,,BPB,,958878,DCSE/74/3,3,8
2200,Real Accounting Software,Nadhani,275,,,BPB,,958879,DCSE/74/3,3,9
2201,Advanced MSDOS,Duncan,291.5,,,BPB,,958880,DCSE/74/3,3,10
2202,System Software,L.L. Beck,,,,AW,,958881,DCSE/74/3,3,11
2203,Advanced Computer Architecture (REPLACE),Hwang.K,,,,Mc Graw,,958882,DCSE/74/3,3,12
2204,"Data Structures,Algo. & Application in C++",Sahni,125,,,Mc Graw,,958883,DCSE/74/3,3,13
2205,Fundamentals Of Computers,Raja Raman,125,,,PHI,,963675,DCSE/74/3,3,14
2206,Fundamentals Of Computers,Raja Raman,150,,,PHI,,963676,DCSE/74/3,3,15
2207,Graph Theory,Narsingh Deo,159,,,PHI,,963678,DCSE/74/3,3,16
2208,Graph Theory,Narsingh Deo,295,,,PHI,,963677,DCSE/74/3,3,17
2209,Operation Research,Taha,295,,,PHI,,963680,DCSE/74/3,3,18
2210,Operation Research,Taha,175,,,PHI,,963679,DCSE/74/3,3,19
2211,Parallel Computers,Raja Raman,395,,,PHI,,963681,DCSE/74/3,3,20
2212,MS TCP/IP for Windows 2000,Powell,425,,,PHI,,963682,DCSE/74/3,3,21
2213,Computer Graphics,Hearn Baker,150,,,PHI,,963683,DCSE/74/3,3,22
2214,eCommerce App. From Scratch,Thakur,275,,,PHI,,963684,DCSE/74/3,3,23
2215,Visual Basic 6 ,Sheriff P.,,,,PHI,ISSUED (B.N PANDEY),963685,DCSE/74/3,3,24
2216,Data Structures & Program design in C (REPLACE),Kruse.R,250,,,PHI,,963686,DCSE/74/3,3,25
2217,Unix Network Programming (REPLACE),Stevens,,,,PHI,,963687,DCSE/74/3,3,26
2218,Computer Network,Tanenbaum,170,,,PHI,,963688,DCSE/74/3,3,27
2219,Programming with JAVA Primer (REPLACE),Balaguruswamy,,,,TMH,ISSUED (SKN),963690,DCSE/74/3,3,28
2220,Programming with Java,Balaguruswamy,170,,,TMH,,963690,DCSE/74/3,3,29
2221,Programming with Java,Balaguruswamy,150,,,TMH,,963691,DCSE/74/3,3,30
2223,Numerical Methods,Balaguruswamy,165,,,TMH,,963692,DCSE/74/3,4,1
2224,Programming with Pascal,Venugopal,165,,,TMH,,963694,DCSE/74/3,4,2
2225,Programming with Pascal,Venugopal,295,,,TMH,,963695,DCSE/74/3,4,3
2226,Discrete Mathmatics & Application,Rosen,595,,,TMH,,963696,DCSE/74/3,4,4
2227,The Complete Reference Linux,Peterson,320,,,TMH,,963697,DCSE/74/3,4,5
2229,Local Area Networks,Basandra,279,,,Galgotia,,963699,DCSE/74/3,4,6
2230,Fundamentals of Data Struct. In C++,Horowitz,279,,,Galgotia,,963700,DCSE/74/3,4,7
2231,Computers Algorithms in C++,Horowitz,279,,,Galgotia,,963702,DCSE/74/3,4,8
2232,Computers Algorithms in C++,Horowitz,220,,,Galgotia,,963701,DCSE/74/3,4,9
2233,Computers Fundamentals,B.Ram,350,,,New Age,,963703,DCSE/74/3,4,10
2234,Encyclopedia of Networking & Telecommunications (REPLACE),Sheldon.T,,,,AWL,,956886,DCSE/74/3,4,11
2235,The Art of Computer Prog. Vol I,Knuth D.E.,450,,,AWL,,958977,DCSE/74/3,4,12
2236,The Art of Computer Prog. Vol II,Knuth D.E.,450,,,AWL,,958978,DCSE/74/3,4,13
2237,The Art of Computer Prog. Vol III,Knuth D.E.,295,,,AWL,,958979,DCSE/74/3,4,14
2238,Operating Systems,Deital H.M.,375,,,AWL,,958980,DCSE/74/3,4,15
2275,Introduction to Expert Systems,Jackson,395,,,Wesley A.,,932748,DCSE/74/3,4,16
2241,ATM Network,Hamdel R.,260,,,AWL,,958983,DCSE/74/3,4,17
2242,The Design & Ana. Of Comp. Algorithm,Aho/Hopcroft/Ullman,325,,,AWL,,958984,DCSE/74/3,4,18
2244,Modern VLSI Design System,Wolf W.,295,,,AWL,,958986,DCSE/74/3,4,19
2245,Concepts of Programming Language,Sebesta R.W.,245,,,AWL,,958987,DCSE/74/3,4,20
2247,E. Commerce the Cutting Edge of Busi.,Bajaj K.K.,175,,,TMH,,958989,DCSE/74/3,4,21
2248,Elements of Discrete Mathmatics,Liu C.L.,375,,,TMH,,958990,DCSE/74/3,4,22
2249,Advanced Compiler Design,Muchnick S.S.,375,,,HAP,ISSUED (MG),958991,DCSE/74/3,4,23
2250,Comp. Archtec. A Quantitative Appro.,Hennessy J.L.,240,,,HAP,,958992,DCSE/74/3,4,24
2243,Concurrent Programming in Java,Lea D.,360,,,AWL,,958985,DCSE/74/3,4,25
2251,Oracle Developer 2000,Bayross,295,,,BPB,,958993,DCSE/74/3,5,1
2252,Principles of Multimedia Database Sys.,Subramaniam,295,,,HIP,,958994,DCSE/74/3,5,2
2253,TCP/IP Addressing,Graham B.,150,,,HIP,,958995,DCSE/74/3,5,3
2254,Object Oriented Database Design,Harrington,195,,,HIP,,958996,DCSE/74/3,5,4
2255,Funda. Of the Theory of Computation,Greenlaw R.,250,,,HIP,,958997,DCSE/74/3,5,5
2256,The Business of E-Commerce,May P.,240,,,CUP,,958998,DCSE/74/3,5,6
2257,Learning HTML 4.0(CD),Robbins C.,195,,,BPB,,958999,DCSE/74/3,5,7
2258,Microprocessors,Rafiquzzman,225,,,PHI,,959000,DCSE/74/3,5,8
2259,Fundamentals of Algorithm,Brassard G. Bratley P.,295,,,PHI,,959001,DCSE/74/3,5,9
2261,Introduction to Algorithm,Corman T.,325,,,PHI,,959003,DCSE/74/3,5,10
2262,Introduction to Algorithm,Corman T.,1264.95,,,PHI,,959004,DCSE/74/3,5,11
2263,ISDN Broad  ISDN with Frame Re.,Stallings,367.55,,,PHI,,959005,DCSE/74/3,5,12
2264,Computer Architecture & Organisation,Hayes J.P.,350,,,MGH,ISSUED (STD),959008,DCSE/74/3,5,13
2266,Frontiers of Electronics Commerce,Kalakota,375,,,Pearson Education Asia,,932739,DCSE/74/3,5,14
2267,Neural Network ,Haykin,250,,,Pearson Education Asia,,932740,DCSE/74/3,5,15
2268,Ess. Guide to Wireless Commu. Appli.,Dorman,295,,,Pearson Education Asia,,932741,DCSE/74/3,5,16
2269,Electronic Commerce,Turban,385,,,Pearson Education Asia,,932742,DCSE/74/3,5,17
2270,Open GL Programming Guide,Woo,325,,,Wesley A.,,932741,DCSE/74/3,5,18
2271,Digital Image Processing using Java,Efford Nick,295,,,Pearson Education Asia,,932744,DCSE/74/3,5,19
2272,Intro. To Automata Theo. Lang. & Comp.,Hopcraft,350,,,Pearson Education Asia,,932745,DCSE/74/3,5,20
2273,"Web 101, Making the Network for you",Lehnert,260,,,Pearson Education Asia,,932746,DCSE/74/3,5,21
2274,Genetic Algorithm,Goldberg,305,,,Wesley A.,ISSUED (NUPUR GOEL),932747,DCSE/74/3,5,22
1763,Simulation Modeling Analysis,Law A.M. & Ketton,503,,,Mc Graw,,877434,DCSE/6/1,3,9
2172,Simulation Modeling & Analysis,Law Kelton,,,,Mc Graw,,9333031,DCSE/6/1,1,18
2619,Object Oriented Modelling & Design,"James, Micheal, william",425,,,Prentice hall of india,,864401,DCSE/6/1,1,11
2933,Semantic Web Programming,John Hebeler,529,,,Wiley India,,1083981,DCSE/19/1,1,1
2934,Beginning PHP6,Boronczyk,529,,,Wiley India,,1083983,DCSE/19/1,1,2
2935,Beginning PHP6,Boronczyk,319,,,Wiley India,,1083982,DCSE/19/1,1,3
2936,Virtual Reality Tech.,Burdea,319,,,Wiley India,,1083984,DCSE/19/1,1,4
2937,Virtual Reality Tech.,Burdea,359,,,Wiley India,,1083985,DCSE/19/1,1,5
2939,Information Technology,Lucas,399,,,Wiley India,,1083987,DCSE/19/1,1,6
2938,Information Technology,Lucas,359,,,Wiley India,,1083986,DCSE/19/1,1,7
2941,Principles of Soft Computing,Sivanandam,299,,,Wiley India,,1083989,DCSE/19/1,1,8
2940,Principles of Soft Computing,Sivanandam,399,,,Wiley India,,1083988,DCSE/19/1,1,9
2943,SPSS Version 13 for Windows,Jcoaks,479,,,Wiley India,,1083991,DCSE/19/1,1,10
2942,SPSS Version 13 for Windows,Jcoaks,299,,,Wiley India,,1083990,DCSE/19/1,1,11
2944,Data Mining for Business Intelligence,Shmueli,479,,,Wiley India,,1083993,DCSE/19/1,1,12
2945,Data Mining for Business Intelligence,Shmueli,399,,,Wiley India,,1083992,DCSE/19/1,1,13
2947,Mastering Data Mining,Berry,359,,,Wiley India,,1083995,DCSE/19/1,1,14
2946,Mastering Data Mining,Berry,399,,,Wiley India,,1083994,DCSE/19/1,1,15
2948,HB of Wireless Networks & Mobile Computing,Menovic,359,,,Wiley India,,1083996,DCSE/19/1,1,16
2951,Programming Lang. Concept.,Ghezzi,379,,,Wiley India,,1083999,DCSE/19/1,1,17
2950,Programming Lang. Concept.,Ghezzi,299,,,Wiley India,,1083998,DCSE/19/1,1,18
2954,Elements of Information Theory,Cover,379,,,Wiley India,,1084003,DCSE/19/1,1,19
2955,Elements of Information Theory,Cover,499,,,Wiley India,,1084002,DCSE/19/1,1,20
2952,Speech Recognition Theory & C++ Implementation,Becchetti,379,,,Wiley India,,1084001,DCSE/19/1,1,21
2953,Speech Recognition Theory & C++ Implementation,Becchetti,379,,,Wiley India,,1084000,DCSE/19/1,1,22
2957,Fundamentals of Digital logic & Mocrocomputer Design,Raffi Quzzaman,319,,,Wiley India,,1084005,DCSE/19/1,1,23
2960,Object Oriented Design & Pattern,Horstman,319,,,Wiley India,,1084008,DCSE/19/1,1,24
2961,Object Oriented Design & Pattern,Horstman,299,,,Wiley India,,1084009,DCSE/19/1,1,25
2962,Component based Technology,Sudha Sadasivam,299,,,Wiley India,,1084011,DCSE/19/1,1,26
2963,Component based Technology,Sudha Sadasivam,279,,,Wiley India,,1084010,DCSE/19/1,1,27
2958,Software Quality Engg.,Jeff Tian,319,,,Wiley India,,1084006,DCSE/19/1,1,28
2959,Software Quality Engg.,Jeff Tian,319,,,Wiley India,,1084007,DCSE/19/1,1,29
2965,Wireless Networking,Nicopolutidis,549,,,Wiley India,,1084013,DCSE/19/1,1,30
2967,Effective Project Management,Wysocki,299,,,Wiley India,,1084014,DCSE/19/1,1,31
2966,Effective Project Management,Wysocki,549,,,Wiley India,,1084015,DCSE/19/1,1,32
2968,Distributed Component Architecture,Sadasivam,299,,,Wiley India,,1084016,DCSE/19/1,1,33
2969,Distributed Component Architecture,Sadasivam,395,,,Wiley India,,1084017,DCSE/19/1,1,34
2970,Management Information Systems,Javadekar,395,,,Mc Graw Hill,,1084019,DCSE/19/1,1,35
2971,Management Information Systems,Javadekar,499,,,Mc Graw Hill,,1084018,DCSE/19/1,2,1
2972,Hibernate search in Action,Griffin,499,,,Dreamtech Press,,1084020,DCSE/19/1,2,2
2973,Hibernate search in Action,Griffin,449,,,Dreamtech Press,,1084021,DCSE/19/1,2,3
2974,The Architecture of Computer H/W & System S/W,Irvenglander,449,,,Wiley India,,1084023,DCSE/19/1,2,4
2975,The Architecture of Computer H/W & System S/W,Irvenglander,499,,,Wiley India,,1084022,DCSE/19/1,2,5
2977,SQL Server 2006,Dalton,429,,,Dreamtech Press,,1084025,DCSE/19/1,2,6
2976,SQL Server 2005,Dalton,499,,,Dreamtech Press,,1084024,DCSE/19/1,2,7
2978,UML 2 Toolkit,Erikson,429,,,Wiley India,,1084027,DCSE/19/1,2,8
2979,UML 2 Toolkit,Erikson,299,,,Wiley India,,1084026,DCSE/19/1,2,9
2980,Multimedia & Web Design,Gupta,299,,,Dreamtech Press,,1084029,DCSE/19/1,2,10
2981,Multimedia & Web Design,Gupta,299,,,Dreamtech Press,,1084028,DCSE/19/1,2,11
2982,Object Oriented Analysis Design,Docherty,329,,,Wiley India,,1084031,DCSE/19/1,2,12
2983,Object Oriented Analysis Design,Docherty,329,,,Wiley India,,1084030,DCSE/19/1,2,13
2984,Parallel & Distributed Prog. Using C++,Hughes,375,,,Pearson Education,,1084032,DCSE/19/1,2,14
2986,E - Transformation in Governance,Malkia,,64.95,,Idea Group,,1084033,DCSE/19/1,2,15
2987,E - Transformation in Governance,Malkia,2298,,,Idea Group,,1084034,DCSE/19/1,2,16
2988,Social Network Analysis ,Wasserman Faust,1688,,,Cambride,,1088767,DCSE/19/1,2,17
2989,Models & Methods in Social Network Analysis,"Carrington ,Wasserman",2860,,,Cambride,,1088768,DCSE/19/1,2,18
2992,The Complete Reference-JAVA,Schildt,496,,,Tata MCG,,1090306,DCSE/19/1,2,19
2993,The Complete Reference-JAVA,Schildt,496,,,Tata MCG,,1090303,DCSE/19/1,2,20
2994,The Complete Reference-JAVA,Schildt,497,,,Tata MCG,,1090305,DCSE/19/1,2,21
2995,The Complete Reference-JAVA,Schildt,425,,,Tata MCG,,1090304,DCSE/19/1,2,22
2996,Computer Networks,Tanenbaum,426,,,Pearson Education,,1090274,DCSE/19/1,2,23
2997,Computer Networks,Tanenbaum,427,,,Pearson Education,,1090272,DCSE/19/1,2,24
2998,Computer Networks,Tanenbaum,428,,,Pearson Education,,1090275,DCSE/19/1,2,25
2999,Computer Networks,Tanenbaum,435,,,Pearson Education,,1090273,DCSE/19/1,2,26
3004,Discrete Mathematical Structures with Applications to computer Science,"Tremblay,JP",325,,,Tata MCG,,1090287,DCSE/19/1,3,1
3005,Discrete Mathematical Structures with Applications to computer Science,"Tremblay,JP",325,,,Tata MCG,,1090286,DCSE/19/1,3,2
3006,Discrete Mathematical Structures with Applications to computer Science,"Tremblay,JP",325,,,Tata MCG,,1090289,DCSE/19/1,3,3
3018,Operating System Concepts,Silberchat,479,,,Wiley India,,1090296,DCSE/19/1,3,4
3019,Operating System Concepts,Silberchat,479,,,Wiley India,,1090295,DCSE/19/1,3,5
3020,Operating System Concepts,Silberchat,479,,,Wiley India,,1090291,DCSE/19/1,3,6
3021,Operating System Concepts,Silberchat,479,,,Wiley India,,1090292,DCSE/19/1,3,7
3022,The Complete Reference C++,Schildt,510,,,Tata MCG,,1090300,DCSE/19/1,3,8
3023,The Complete Reference C++,Schildt,510,,,Tata MCG,,1090302,DCSE/19/1,3,9
3024,The Complete Reference C++,Schildt,510,,,Tata MCG,,1090301,DCSE/19/1,3,10
3025,The Complete Reference C++,Schildt,510,,,Tata MCG,,1090299,DCSE/19/1,4,1
3026,The Complete Reference C++,Schildt,510,,,Tata MCG,,1090298,DCSE/19/1,4,2
3027,Programming with Perl,"Flynt,J.P",295,,,Cengage Learning,,1090261,DCSE/19/1,4,3
3028,Programming with Perl,"Flynt,J.P",295,,,Cengage Learning,,1090260,DCSE/19/1,4,4
3029,Operating Systems,"Stuart,L.B",375,,,Cengage Learning,,1090256,DCSE/19/1,4,5
3030,Operating Systems,"Stuart,L.B",375,,,Cengage Learning,,1090257,DCSE/19/1,4,6
3031,Parallel Operating Systems,Carswell.R,350,,,Cengage Learning,,1090259,DCSE/19/1,4,7
3032,Parallel Operating Systems,Carswell.R,350,,,Cengage Learning,,1090258,DCSE/19/1,4,8
3033,Foundation of SoftwareTesting,Graham.D,275,,,Cengage Learning,CL,1090255,DCSE/19/1,4,9
3034,Firewalls & Network Security,Whitman,350,,,Cengage Learning,,1090254,DCSE/19/1,4,10
3035,Firewalls & Network Security,Whitman,350,,,Cengage Learning,,1090253,DCSE/19/1,4,11
3036,Applied Simulation Modeling,Seila C.T,395,,,Cengage Learning,,1090252,DCSE/19/1,4,12
3037,Applied Simulation Modeling,Seila C.T,395,,,Cengage Learning,,1090251,DCSE/19/1,4,13
3039,Programming with Python,Dawson.M,375,,,Cengage Learning,,1090262,DCSE/19/1,4,14
3040,Intelligent Data Mining,Ruan D.A,895,,,Springer,CL,1094736,DCSE/19/1,4,15
3041,Simulation,Ross.S.M,325,,,Elsevier,,1094741,DCSE/19/1,4,16
3043,Programming in Prolog,Clocksin.W,265,,,Springer,,1094740,DCSE/19/1,4,17
3045,Soft Computing & Intelligent Systems,Sinha.N.K,595,,,Elsevier,,1094743,DCSE/19/1,4,18
3046,Smart phone & Next Generation Mobile Computing,Zheng.P.,425,,,Elsevier,,1094742,DCSE/19/1,4,19
3047,Mining the Web,Chakraborti.S,350,,,Elsevier,ISSUED (MG),1094737,DCSE/19/1,4,20
3048,An Introduction to Numerical Method in C++,Flowers.B.H,375,,,Oxford University Press,,1094727,DCSE/19/1,4,21
3050,Software Engineering Fundamentals,Behforooz,360,,,Oxford University Press,,1094744,DCSE/19/1,4,22
3044,Applications of Data Mining in Computer Security,Barbara.D,295,,,Springer,,1094728,DCSE/19/1,4,23
3051,Natural Language Processing & Information Retrieval,Siddiqui.S,295,,,Oxford ,,1094739,DCSE/19/1,4,24
3052,Engineering A Compiler,Cooper.K.D.,450,,,Elsevier,,1094734,DCSE/19/1,4,25
3053,Mobile Computing,Kamal.R.,350,,,Oxford University Press,,1094738,DCSE/19/1,4,26
3056,Artificial Intelligence & Intelligent Systems,Padhy.N.P,295,,,Oxford University Press,,1094729,DCSE/19/1,4,27
3055,Computer Organisation & Design,Patterson.D,495,,,Elsevier,,1094732,DCSE/19/1,4,28
3054,Digital Signal Processing: A Practical Guide for Engineers & Scientists,Smith.S.W.,450,,,Elsevier,,1094733,DCSE/19/1,4,29
3057,Evolutionary Algorhithms for solving multi-objective Problems,Coello.C.A.,1295,,,Springer,,1094735,DCSE/19/1,4,30
3058,Biomedical Informatics,Shortliffe.E.H.,1500,,,Springer,,1094730,DCSE/19/1,4,31
3059,Computer System Architecture,M.Morris Mano,350,,,Pearson ,,1113428,DCSE/19/1,4,32
3060,Computer System Architecture,M.Morris Mano,350,,,Pearson ,,1113427,DCSE/19/1,4,33
3061,Computer System Architecture,M.Morris Mano,350,,,Pearson ,,1113426,DCSE/19/1,4,34
3063,Computer System Architecture,M.Morris Mano,350,,,Pearson ,,1113431,DCSE/19/1,4,35
3064,Computer System Architecture,M.Morris Mano,350,,,Pearson ,,1113429,DCSE/19/1,4,36
3065,Computer System Architecture,M.Morris Mano,350,,,Pearson ,,1113430,DCSE/19/1,4,37
3067,Computer System Architecture,M.Morris Mano,350,,,Pearson ,,1113435,DCSE/19/1,5,1
3068,Computer System Architecture,M.Morris Mano,350,,,Pearson ,,1113434,DCSE/19/1,5,2
3069,Computer System Architecture,M.Morris Mano,350,,,Pearson ,,1113433,DCSE/19/1,5,3
3070,Computer System Architecture,M.Morris Mano,350,,,Pearson ,,1113438,DCSE/19/1,5,4
3071,Computer System Architecture,M.Morris Mano,350,,,Pearson ,,1113437,DCSE/19/1,5,5
3073,Digital Computer Electronics,"Malvino,Brown",475,,,Tata MCG,,1113457,DCSE/19/1,5,6
3074,Digital Computer Electronics,"Malvino,Brown",475,,,Tata MCG,,1113458,DCSE/19/1,5,7
3075,Computer Networks,Tanenbaum,485,,,Pearson ,,1113418,DCSE/19/1,5,8
3076,Computer Networks,Tanenbaum,485,,,Pearson ,,1113421,DCSE/19/1,5,9
3077,Computer Networks,Tanenbaum,485,,,Pearson ,,1113420,DCSE/19/1,5,10
3078,Computer Networks,Tanenbaum,485,,,Pearson ,,1113419,DCSE/19/1,5,11
3079,Computer Networks,Tanenbaum,485,,,Pearson ,,1113422,DCSE/19/1,5,12
3080,Computer Organization & Architecture,Stallings,450,,,Pearson ,,1113423,DCSE/19/1,5,13
3083,Discrete Mathematical Structures with Applications to computer Science,"Tremblay, & Manohar",375,,,Tata MCG,,1113469,DCSE/19/1,5,14
3084,Discrete Mathematical Structures with Applications to computer Science,"Tremblay, & Manohar",375,,,Tata MCG,,1113470,DCSE/19/1,5,15
3085,Discrete Mathematical Structures with Applications to computer Science,"Tremblay, & Manohar",375,,,Tata MCG,,1113473,DCSE/19/1,5,16
3086,Discrete Mathematical Structures with Applications to computer Science,"Tremblay, & Manohar",375,,,Tata MCG,,1113472,DCSE/19/1,5,17
3087,Discrete Mathematical Structures with Applications to computer Science,"Tremblay, & Manohar",375,,,Tata MCG,,1113471,DCSE/19/1,5,18
3090,Data Communications & Networking,Forouzan,470,,,Tata MCG,,1113450,DCSE/19/1,5,19
3098,An Introduction to Database Systems,"date,Kannan,Swamynathan",575,,,Pearson,,1113393,DCSE/19/1,5,20
3097,An Introduction to Database Systems,"date,Kannan,Swamynathan",575,,,Pearson,,1113389,DCSE/19/1,5,21
3062,Computer System Architecture,M.Morris Mano,350,,,Pearson ,,1113432,CS/08-09/286/7,2,1
1184,Artificial Intelligence ,Rich,,6.95,,MSG,,807187,CS/08-09/286/7,2,2
1193,Database Comp. Prin. And Arch.,Su S.Y.W,227,,,Mc Graw,,814758,CS/08-09/286/7,2,3
3422,Network security Essentials ,Stallings,,,,Pearson,,1120611,CS/08-09/286/7,2,4
3419,Network security Essentials ,Stallings,,,,Pearson,,1120610,CS/08-09/286/7,2,5
3421,Network security Essentials ,Stallings,,,,Pearson,,1120612,CS/08-09/286/7,2,6
3420,Network security Essentials ,Stallings,,,,Pearson,,1120609,CS/08-09/286/7,2,7
3006,Discrete Mathematical Structures with Applications to computer Science,"Tremblay,JP",325,,,Tata MCG,,1113509,CS/08-09/286/7,2,8
3171,Digital Computer Fundamentals,Bartee,495,,,Tata MCG,,1113459,CS/08-09/286/7,2,9
3168,System Analysis & Design,Elias M. Awad,385,,,Galgotia,,1113538,CS/08-09/286/7,2,10
1192,File Organisation for dBase Design,Wiederhold,69,,,Mc Graw,,814759,CS/08-09/286/7,2,11
1176,Theory and Prob. Of Computer Graphics,Plastock,,5.95,,MCG,,808178,CS/08-09/286/7,2,12
1177,Theory and Prob. Of Computer Graphics,Plastock,,5.95,,MCG,,807179,CS/08-09/286/7,2,13
1178,Theory and Prob. Of Computer Graphics,Plastock,,5.95,,MCG,,807180,CS/08-09/286/7,2,14
1179,Proce. Elements for Comp. Graphics,Rogers,,6.5,,Mc Graw,,807182,CS/08-09/286/7,2,15
1223,Designing aI Based Software,Bahrami A.,120,,,BPB,,812029,CS/08-09/286/7,2,16
1247,Data and Computer Communication,Stallings,,12.95,,Max/Mac,,812225,CS/08-09/286/7,2,17
1231,Modern Computer Architecture,Raffiquzzman,95,,,Galgotia,,812037,CS/08-09/286/7,2,18
1240,Mathmatical Modelling,Kapur,50,,,Wiely,,812217,CS/08-09/286/7,2,19
1241,Introduction to Operation Research,Gillett,96,,,TMH,,812218,CS/08-09/286/7,2,20
1189,Theory & Prob. of Prog. With C,Gottfried B.S.,,5.95,,Mc Graw,,807425,CS/08-09/286/7,2,21
1188,Theory & Prob. of Operation Research,Bronson R.,157.3,,,Mc Graw,,807422,CS/08-09/286/7,2,22
1203,The IBM PC Connection,Coffron,60,,,BPB,,829223,CS/08-09/286/7,2,22
1250,Introduction to Computer Theory (REPLACE),Cohen,,,,wiley,,812477,CS/08-09/286/7,2,23
1267,Fundamentals of Computers (REPLACE),Raja Raman,,,,,,812492,CS/08-09/286/7,2,24
2841,OOP with C++,E.  Balaguruswamy,265,,,Mc Graw Hill,,1056815,CS/08-09/286/7,2,25
3003,Data Communications & Networking,Forouzan,435,,,Tata MCG,,1090276,CS/08-09/286/7,2,27
3172,Digital Computer Fundamentals,Bartee,495,,,Tata MCG,,113460,CS/08-09/286/7,2,28
3188,Operating Systems Concepts,"Silberschatz, Galvin",499,,,Wiley,,1113513,CS/08-09/286/7,2,29
3361,The Design of UNIX Operating System,"Bach, M.J",295,,,PHI,,1105768,CS/08-09/286/7,2,29
3181,Operating Systems Concepts,"Silberschatz, Galvin",499,,,Wiley,,113517,CS/08-09/286/7,2,30
3446,Wireless communications Principles & practice,Rappaport,,,,Pearson,,1120547,CS/08-09/286/7,2,31
3138,Programming with JAVA- A Primer,Balaguruswamy,325,,,Tata MCG,,1113530,CS/08-09/286/7,2,32
3418,Network security Essentials ,Stallings,,,,Pearson,,1120613,CS/08-09/286/7,2,33
2135,Information Technology,Jain V.K.,150,,,BPB,,932995,CS/08-09/286/7,2,35
1211,Structured Computer Organisation,Tanenbaum,95,,,PHI,,811918,CS/08-09/286/7,3,1
1212,Structured Computer Organisation,Tanenbaum,95,,,PHI,,811914,CS/08-09/286/7,3,2
1213,Structured Computer Organisation,Tanenbaum,95,,,PHI,,811915,CS/08-09/286/7,3,3
1190,Theory & Prob. of Prog. With C,Gottfried B.S.,,5.95,,Mc Graw,,807424,CS/08-09/286/7,3,4
1191,Theory & Prob. of Prog. With C,Gottfried B.S.,,5.95,,Mc Graw,,807423,CS/08-09/286/7,3,5
1161,Memory,Intel,548.63,,,Intel,,806130,CS/08-09/286/7,3,6
1162,Peripherals,Intel,686.12,,,Intel,,806131,CS/08-09/286/7,3,7
1153,Microprocessors: Principles & Appli.,Pal,51,,,TMH,,806138,CS/08-09/286/7,3,8
1252,Data Processing,Kroenke,100,,,Galgotia,,812479,CS/08-09/286/7,3,8
1154,Microprocessors: Principles & Appli.,Pal,51,,,TMH,,806139,CS/08-09/286/7,3,9
1253,Data Processing,Kroenke,100,,,Galgotia,,812480,CS/08-09/286/7,3,9
1186,Database Processing,Kroenke,79,,,Galgotia,,807189,CS/08-09/286/7,3,10
1168,Computer Graphics,Hearn & Baker,135,,,P.H.I,,807170,CS/08-09/286/7,3,11
1265,Fundamentals of Computers,Raja Raman,55,,,PHI,,812491,CS/08-09/286/7,3,12
1264,Fundamentals of Computers,Raja Raman,55,,,PHI,,812493,CS/08-09/286/7,3,13
1260,Artificial Intelligence ,Rich & Knight,150,,,TMH,,812486,CS/08-09/286/7,3,14
1261,Handbook of Biomedical Instrumen.,Khandpur,330,,,TMH,,812488,CS/08-09/286/7,3,15
1246,Introduction to Computer Memory,Cohen D.I.A,,13,,Wiely,,812223,CS/08-09/286/7,3,18
1164,Mastering Turbo C,Kelly Botle,180,,,BPB,,807167,CS/08-09/286/7,3,19
1156,Introduction to Operation Research,Gillett,81,,,TMH,,806141,CS/08-09/286/7,3,20
1202,Hand of Al. & Data Stru. In Pascal & C,Gonnet Yates,1819.13,,,Wesley,,829230,CS/08-09/286/7,3,21
1183,Computer Graphics,Harrington,,7.95,,MSG,,807185,CS/08-09/286/7,3,22
1182,Computer Graphics,Harrington,,7.95,,MSG,,807186,CS/08-09/286/7,3,23
1185,Advanced Prog. Guide to Unix Sys. V,Thomas,,6.95,,MSG,,807188,CS/08-09/286/7,3,24
1173,Common Lisp Language,Steel,135,,,P.H.I,,807177,CS/08-09/286/7,3,25
1174,Common Lisp Language,Steel,135,,,P.H.I,,807175,CS/08-09/286/7,3,26
1175,Programming Language,Pratt,95,,,P.H.I,,807176,CS/08-09/286/7,3,27
3345,Neural Network Design,"Hagan,D.b",460,,,cengage Learning,,1105753,DCSE/19/5,1,1
3312,The Essence of Compilers,"Hunter,R",310.5,,,Pearson,,1105815,DCSE/19/5,1,2
3311,The Craft of Software Testing,"Marick, B",431.1,,,Pearson,,1105814,DCSE/19/5,1,3
3310,Software Testiing,"Patton,R",382.5,,,Pearson,,1105813,DCSE/19/5,1,4
3309,Software Project Management A Unified Framework,"Royce,W",427.5,,,Pearson,,1105812,DCSE/19/5,1,5
3308,Software Engineering Theory and Practice,"Pfleeger,S.I",427.5,,,Pearson,,1105811,DCSE/19/5,1,6
3358,The C ++ Programming Language,Stroustrup,750,,,Pearson,,3358,DCSE/19/5,1,6
1805,Java Programming Language,Arnold K.,648,,,AWP,,1105816,DCSE/19/5,1,7
3314,"UNIX Systems Programming  Communication, Concurrency ","Robbins,K.P",495,,,Pearson,,1105817,DCSE/19/5,1,8
3316,"Advanced Computer Architectures- Parallism, Scalability, Programmability","Hwang,J",650,,,McGRAW Hill,,1104726,DCSE/19/5,1,9
3304,Object-Oriented Software Engineering A use case Driven Approach,"Jacobson, I",517.5,,,Pearson,,1105807,DCSE/19/5,1,10
3303,"Multimedia Communications,Application Networks Protocols & Standards","Halsall,F",616.5,,,Pearson,,1105806,DCSE/19/5,1,11
3301,Modern Compiler Design,"Galles,D",400.5,,,Pearson,,1105804,DCSE/19/5,1,12
3355,Perl Programming for Bioinformatics & Biologists,"Jamison, D.C",179,,,Wiely,,1105762,DCSE/19/5,1,13
3333,Digital Computer Fundamentals,"Bartee,T.C",495,,,TMH,,1105740,DCSE/19/5,1,14
3157,Data & Computer Communication,Stallings,525,,,Pearson,,1113444,DCSE/19/5,1,15
3170,Compiler Design in C,Holub. A. I,495,,,PHI,,1113409,DCSE/19/5,1,16
3142,Programming with JAVA- A Primer,Balaguruswamy,325,,,Tata MCG,,1113527,DCSE/19/5,1,17
3187,Operating Systems Concepts,"Silberschatz, Galvin",499,,,Wiley,,1113514,DCSE/19/5,1,18
3205,Object Oriented Analysis & Design with Application,Booch,635,,,Pearson,,1113507,DCSE/19/5,1,19
3147,Operating Systems Internals & Design Principles,Stallings,525,,,Pearson,,1113520,DCSE/19/5,1,20
3185,Operating Systems Concepts,"Silberschatz, Galvin",499,,,Wiley,,1113515,DCSE/19/5,1,21
3117,Electronic Commerce,Bhasker,435,,,Tata MCG,,1113475,DCSE/19/5,1,22
3151,Data & Computer Communication,Stallings,525,,,Pearson,,1113443,DCSE/19/5,1,23
3173,Let us C,Kanetkar. Y,258,,,BPB,,3173,DCSE/19/5,1,24
3204,Object Oriented Programming with C++,Balaguruswamy,299,,,Tata MCG,,1113504,DCSE/19/5,1,25
3214,Artificial Intelligence- A Modern Approach,"Russell,Norvig",535,,,Pearson,,1113403,DCSE/19/5,1,26
3110,Artificial Intelligence ,"Rich,Knight,Nair",435,,,Tata MCG,,1113396,DCSE/19/5,1,27
3360,The Design of UNIX Operating System,"Bach, M.J",295,,,PHI,,1105767,DCSE/19/5,1,28
3339,Fundamentals of Software Engineering,"Ghezzi, C",350,,,PHI Learning,,1105746,DCSE/19/5,1,29
3338,Electronic Commerce- A Manager Guide,Kalakota,515,,,Pearson,,1105745,DCSE/19/5,1,30
3320,"Advanced Computer Architectures- Parallism, Scalability, Programmability","Hwang,J",650,,,McGRAW Hill,,1105724,DCSE/19/5,2,1
3319,"Advanced Computer Architectures- Parallism, Scalability, Programmability","Hwang,J",650,,,McGRAW Hill,,1105725,DCSE/19/5,2,2
3318,"Advanced Computer Architectures- Parallism, Scalability, Programmability","Hwang,J",650,,,McGRAW Hill,,1105722,DCSE/19/5,2,3
3315,"Advanced Computer Architectures- Parallism, Scalability, Programmability","Hwang,J",650,,,Pearson,,1105727,DCSE/19/5,2,4
3317,"Advanced Computer Architectures- Parallism, Scalability, Programmability","Hwang,J",650,,,McGRAW Hill,,1105723,DCSE/19/5,2,5
3305,Practical software Estimation,Parthasar,517.5,,,Pearson,,1105808,DCSE/19/5,2,6
3306,Public Key Cryptography Theory and Practice ,"Das, A",431.1,,,Pearson,,1105809,DCSE/19/5,2,7
3307,Software Architecture in Practice,"Bass, L",405,,,Pearson,,1105810,DCSE/19/5,2,8
3346,Neural Network Design,"Hagan,D.b",460,,,cengage Learning,,1105752,DCSE/19/5,2,9
2823,An Integrated Approach to Software Engineering,Jalote,315,,,Narosa,,1056796,DCSE/19/5,2,10
3013,Discrete Mathematical Structures with Applications to computer Science,"Tremblay,JP",325,,,Tata MCG,,1090283,DCSE/19/5,2,11
2821,An Integrated Approach to Software Engineering,Jalote,315,,,Narosa,ISSUED (DRN),1056799,DCSE/19/5,2,13
3186,Operating Systems Concepts,"Silberschatz, Galvin",499,,,Wiley,,1097711,DCSE/19/5,2,13
3089,Data Communications & Networking,Forouzan,470,,,Tata MCG,,1113451,DCSE/19/5,2,14
2413,Simulation Modeling & Analysis,Quinn,295,,,TMH,,972370,DCSE/19/5,2,16
2990,Introduction to Information Retrieval,Manning C.D.,3307.5,,,Cambride,,1088769,DCSE/19/5,2,17
3114,Artificial Intelligence ,"Rich,Knight,Nair",435,,,Tata MCG,,1113400,DCSE/19/5,2,18
2516,Let us C,Kanetkar,240,,,BPB,,1056759,DCSE/19/5,2,19
3233,"Compilers Principles, Techniques & Tools","Aho, AV",625,,,Pearson,,1097706,DCSE/19/5,2,20
2022,Algorithm,Cormen T.H.,233.1,,,PHI,,917103,DCSE/19/5,2,21
2534,Programming in ANSI C,E. Balaguruswamy,240,,,TMH,,1056783,DCSE/19/5,2,22
2806,Introduction to Information Retrieval,Manning C.D.,2946.3,,,Cambrid,,1064802,DCSE/19/5,2,23
3367,Data Mining,"witten, Frank, Hall",,,,Elsevier,,1120585,DCSE/19/5,2,24
3283,Discrete- Event System Simulation,"Banks,J",333,,,Pearson,,1105786,DCSE/19/5,2,25
2650,Design Method & Analysis of Algorithm,S.K.Basu,250,,,PHI,,1064446,DCSE/19/5,2,26
3015,Operating System Concepts,Silberchat,479,,,Wiley India,,1090294,DCSE/19/5,2,27
1939,IBM PC Assem. Lang. & Prog.,Abel Peter,175,,,PHI,ISSUED (PKS),3342,DCSE/19/5,4,1
3342,IBM PC Assembly Language & Programming,Abel. P,325,,,PHI Learning,,1105747,DCSE/19/5,4,1
3341,IBM PC Assembly Language & Programming,Abel. P,325,,,PHI Learning,,1105748,DCSE/19/5,4,2
3340,IBM PC Assembly Language & Programming,Abel. P,325,,,PHI Learning,,1105749,DCSE/19/5,4,3
2861,The C++ Programming Lang.,Bjarne Stroustup,699,,,Pearson Education,,1105766,DCSE/19/5,4,4
2862,The C++ Programming Lang.,Bjarne Stroustup,425,,,Pearson Education,,1105765,DCSE/19/5,4,5
3359,The C ++ Programming Language,Stroustrup,750,,,Pearson,,1105764,DCSE/19/5,4,5
3347,Parallel Computers-Architecture & Programming,Rajaraman,250,,,PHI Learning,,1105758,DCSE/19/5,4,6
3348,Parallel Computers-Architecture & Programming,Rajaraman,250,,,PHI Learning,,1105757,DCSE/19/5,4,7
3349,Parallel Computers-Architecture & Programming,Rajaraman,250,,,PHI Learning,,1105756,DCSE/19/5,4,8
3350,Parallel Computers-Architecture & Programming,Rajaraman,250,,,PHI Learning,,1105755,DCSE/19/5,4,9
3351,Parallel Computers-Architecture & Programming,Rajaraman,250,,,PHI Learning,,1105754,DCSE/19/5,4,10
3352,Parallel Computing-Theory & Practice,Quinn,375,,,TMH,,1105761,DCSE/19/5,4,11
2839,Computer Networks,Tanenbaum,375,,,Pearson Education,,1056811,DCSE/19/5,4,12
3353,Parallel Computing-Theory & Practice,Quinn,375,,,TMH,,1105760,DCSE/19/5,4,12
3354,Parallel Computing-Theory & Practice,Quinn,375,,,TMH,,1105759,DCSE/19/5,4,13
3328,Computer Network,Tanenbaum,485,,,Pearson,,1105734,DCSE/19/5,4,15
3329,Computer Network,Tanenbaum,485,,,Pearson,,1105737,DCSE/19/5,4,16
3330,Computer Network,Tanenbaum,485,,,Pearson,,1105736,DCSE/19/5,4,17
418,An Intro. To Digital Computer Design,Rajaraman et al.,,,,PHI,LOST,1105733,DCSE/19/5,4,18
3324,An Introduction to Digital Computer Design,Rajaraman,325,,,PHI Learning,,1105732,DCSE/19/5,4,19
3325,An Introduction to Digital Computer Design,Rajaraman,325,,,PHI Learning,,1105731,DCSE/19/5,4,20
3326,An Introduction to Digital Computer Design,Rajaraman,325,,,PHI Learning,,1105730,DCSE/19/5,4,21
3143,Programming with C,Gottfried,399,,,Tata MCG,,1103525,DCSE/19/5,4,22
3144,Programming with C,Gottfried,399,,,Tata MCG,,1103524,DCSE/19/5,4,23
3177,Mathmatical Elements for Computer Graphics ,Rogers Adams,440,,,Tata MCG,,1113499,DCSE/19/5,4,24
3178,Mathmatical Elements for Computer Graphics ,Rogers Adams,440,,,Tata MCG,,1113498,DCSE/19/5,4,25
3199,Advanced Computer Architectures- A design space approach,"Sima, Fountain",655,,,Pearson,,1113383,DCSE/19/5,4,26
3200,Advanced Computer Architectures- A design space approach,"Sima, Fountain",655,,,Pearson,,1113386,DCSE/19/5,4,27
3334,Electronic Commerce- A Manager Guide,Kalakota,515,,,Pearson,,1105744,DCSE/19/5,4,28
3335,Electronic Commerce- A Manager Guide,Kalakota,515,,,Pearson,,1105743,DCSE/19/5,4,29
3336,Electronic Commerce- A Manager Guide,Kalakota,515,,,Pearson,,1105742,DCSE/19/5,4,30
3337,Electronic Commerce- A Manager Guide,Kalakota,515,,,Pearson,,1105741,DCSE/19/5,4,31
3343,Intro. To Parallel Processing,sasikumar,175,,,PHI Learning,,1105771,DCSE/19/5,4,32
3344,Intro. To Parallel Processing,sasikumar,175,,,PHI Learning,,1105750,DCSE/19/5,4,33
3356,Rich Client Programming plugging into…………..,Boudreau T,,,,Pearson,,1105763,DCSE/19/5,5,1
2015,Algorithm,Cormen T.H.,275,,,PHI,,2015,DCSE/19/5,5,2
3272,Core Python Programming,"Ehun,W.J",697.5,,,Pearson,,1105775,DCSE/19/5,5,3
2524,Discrete Mathmatics & Application,Rosen Kenneth,425,,,TATA ,,1056769,DCSE/19/5,5,4
3321,"Advanced Computer Architectures- Parallism, Scalability, Programmability","Hwang,J",650,,,McGRAW Hill,,1105729,DCSE/19/5,5,5
1087,1087,Applications Programming in C,Johnsonbaugh,291.53,,McMillan,,804511,DCSE/19/7,1,1
1088,1088,Local Networks,Stallings,184.28,,McMillan,,804512,DCSE/19/7,1,2
1091,1091,Adv. Prog. In Pascal with Data Struct.,Nyhoff Leestma,230.15,,McMillan,,757938,DCSE/19/7,1,3
997,997,Digital Image Processing,Gonzalez,1157.47,,AW,,755350,DCSE/19/7,1,4
1135,1135,A System V Guide to Unix & Xenix,Tophem et al.,975,,Springer,,783209,DCSE/19/7,1,5
1061,1061,Turbo 'C' Reference Guide,Borland,400,,Borland,,756614,DCSE/19/7,1,6
1122,1122,Clipper Programming Guide,Spence,120,,BPB,,814149,DCSE/19/7,1,7
1131,1131,Operating System Concepts,Silberschatz et al.,1171.76,,Wesley,,783205,DCSE/19/7,1,8
1063,1063,Data & Computer Communications,Stallings,,64.75,McMillan,,756593,DCSE/19/7,1,9
1124,1124,The MS DOS Encyclopedia,Duncan,900,,Microsoft,,814152,DCSE/19/7,1,10
1065,1065,Data & Computer Communications,Stallings,,64.75,McMillan,,756591,DCSE/19/7,1,11
1067,1067,Data & Computer Communications,Stallings,,64.75,McMillan,,756590,DCSE/19/7,1,12
1129,1129,Programming Languages,Kamin,1341.6,,Wesley,,783203,DCSE/19/7,1,13
1143,1143,Database System Principles,Ricardo,248.56,,McMillan,,783217,DCSE/19/7,1,14
1130,1130,Introduction to Algorithm,Mauber,1341.6,,,,783212,DCSE/19/7,1,15
1132,1132,Programming Language Translation,Terry,951,,Wesley,,783206,DCSE/19/7,1,16
1136,1136,Fractals and Chaos,Crilly,975,,Springer,ISSUES (SKB),783210,DCSE/19/7,1,17
1133,1133,Prolog by Examples,Caelho,800,,Springer,,783207,DCSE/19/7,1,18
1134,1134,An Intro. To Programming in Prolog,Saint Dizier,487.5,,Springer,,783208,DCSE/19/7,1,19
1037,1037,Mathmatical Modelling,Kapur J.N,45,,Wiely,,803822,DCSE/19/7,1,20
1001,1001,The Com. Astr. (Pocket Gui. & Caset),Hamlyn,635.43,/,,,780262,DCSE/19/7,1,21
1041,1041,Comp. Principles Techniques & Tools,"Aho,Sethi & Ullman",330,,Wesley,,756617,DCSE/19/7,1,22
1022,1022,Golden Com. Lisp A Hands on Appr.,Steele,694.57,,AW,,781007,DCSE/19/7,1,23
1033,1033,Programming Languages,Tucker,150.25,,Mc Graw,,803827,DCSE/19/7,1,24
1019,1019,Unix Administration Guide for System,Thomas,765.45,,P.H.I,,781004,DCSE/19/7,1,25
1030,1030,A Quick Reference Guide to MS DOS,E & C.E,36,,BPB,,803824,DCSE/19/7,1,26
995,995,Ruled Based Expert System,Buchanan,1334.98,,AW,,755352,DCSE/19/7,1,27
1045,1045,Computer Graphics & Programming,"Enderle, Kansy, Pfaff",145,,Narosa,,756621,DCSE/19/7,1,28
996,996,Recursive Programming Techniques,Burge,956.17,,AW,,755353,DCSE/19/7,1,29
1014,1014,Fundamental of Algorithms,Horowitz,65,,Galgotia,,780999,DCSE/19/7,2,1
1081,1081,The Big Red Booky C,Sullinan,45,,Galgotia,,804504,DCSE/19/7,2,2
1077,1077,PC Companion,Mehta,54,,BPH,,756754,DCSE/19/7,2,3
1089,1089,Introduction to Computer Theory,Cohen,253.5,,Wiley,,804513,DCSE/19/7,2,4
1012,1012,Fundamental of Algorithms,Horowitz,65,,Galgotia,,780998,DCSE/19/7,2,5
1017,1017,Unix Command Reference,Christian,528.25,,JW,,781002,DCSE/19/7,2,6
1100,1100,Compiler Design & Construction,Pyster,581.9,,Van Norst,,813634,DCSE/19/7,2,7
1086,1086,Data astructures: An Adv Appr. Using C,Esakov,252.53,,Pr. Hall,,804510,DCSE/19/7,2,8
1080,1080,System Analysis & Design Methods,Whitten et al.,126,,Galgotia,,804503,DCSE/19/7,2,9
1002,1002,Reliable Computer System,Shrivastava,1776,,S.V,,780263,DCSE/19/7,2,10
1009,1009,Mathmatical Modelling,Kapur,85,,Wesley Wiley,,780801,DCSE/19/7,2,11
999,999,Let's Talk Lisp,Siklossy,631.35,,P.H.I,,755349,DCSE/19/7,2,12
1011,1011,Mathmatical Modelling,Kapur,85,,Wesley Wiley,,780800,DCSE/19/7,2,13
1013,1013,Fundamental of Algorithms,Horowitz,65,,Galgotia,,780997,DCSE/19/7,2,14
991,991,Computer Viruses,Manual,346.78,,ABACUS,,755357,DCSE/19/7,2,15
992,992,Disk Technician Advance,Manual,150,,SKW,,755358,DCSE/19/7,2,16
1028,1028,Computer Graphics,Hearn Baker,135,,P.H.I,,781567,DCSE/19/7,2,17
1116,1116,Mastering The Norton Utilities,Dyson,90,,BPB,,814143,DCSE/19/7,2,18
1043,1043,Comp. Principles Techniques & Tools,"Aho,Sethi & Ullman",330,,Wesley,,756619,DCSE/19/7,2,19
1024,1024,Comp. Architecture & Parallel Proce.,Hwang Briggs,,8.95,Mc Graw,,781563,DCSE/19/7,2,20
1073,1073,On Pascal Compilers,Hansen,,12.95,Pr. Hall,,756599,DCSE/19/7,2,21
1025,1025,Comp. Architecture & Parallel Proce.,Hwang Briggs,,8.95,Mc Graw,,781564,DCSE/19/7,2,22
1023,1023,Comp. Architecture & Parallel Proce.,Hwang Briggs,,8.95,Mc Graw,,781562,DCSE/19/7,2,23
1107,1107,The Computer Virus Handbook,Levin,241.2,,Mc Graw,,813935,DCSE/19/7,2,24
1008,1008,Mathmatical Modelling,Kapur,85,,Wesley Wiley,,780799,DCSE/19/7,2,25
1112,1112,Advanced Fractal Programming in C,Stevens,602,,BPB,,813921,DCSE/19/7,2,26
1111,1111,The ABC's of SCO Unix,Cuthburtson,75,,Tech Pub.,,813939,DCSE/19/7,2,27
1071,1071,Algorithms Theory & Practice,Brassard Bratley,,31.9,Pr. Hall,,756598,DCSE/19/7,2,28
1052,1052,Introduction to Computer Theory,Cohen,,13,Wiley,,756602,DCSE/19/7,2,29
1053,1053,Introduction to Computer Theory (REPLACE),Cohen,,,,,1053,DCSE/19/7,2,30
1026,1026,Comp. Architecture & Parallel Proce.,Hwang Briggs,,8.95,Mc Graw,,781565,DCSE/19/7,2,31
1141,1141,Local Area Network,Keiper,206.96,,Mc Graw,,783215,DCSE/19/7,3,1
998,998,The Art of Graphics for the IBM PC,McGreger,804.29,,AW,,755351,DCSE/19/7,3,2
1016,1016,Unix for Programmers AN Intro.,Farkas,452.65,,JW,,781001,DCSE/19/7,3,3
994,994,Fundamentals of Systems Analysis,Fitzgerlad,272.67,,Wiley,,755355,DCSE/19/7,3,4
1054,1054,Discrete Mathmatics A Unified Appro.,Witalla,,7.95,Mc Graw,,756606,DCSE/19/7,3,5
1049,1049,Data Structures & Algorithms (REPLACE),"Aho,A.V",,,,,1049,DCSE/19/7,3,6
1050,1050,Introduction to Computer Theory,Cohen,,13,Wiley,,756604,DCSE/19/7,3,7
1051,1051,Introduction to Computer Theory,Cohen,,13,Wiley,,756605,DCSE/19/7,3,8
1042,1042,Comp. Principles Techniques & Tools,"Aho,Sethi & Ullman",330,,Wesley,,756618,DCSE/19/7,3,9
1105,1105,Database Design & Encyclopedia,Stamper,240.2,,Mc Graw,,813639,DCSE/19/7,3,10
1040,1040,Comp. Principles Techniques & Tools,"Aho,Sethi & Ullman",330,,Wesley,,756615,DCSE/19/7,3,11
1034,1034,Programming Languages Concepts,Ghezzi & Jazayeri,141.75,,Wiley,,803828,DCSE/19/7,3,12
1029,1029,Digital System,Boase,,,,,677480,DCSE/19/7,3,13
1044,1044,The IBM PC : from the Inside Out,Sargent,260,,Wesley,,756620,DCSE/19/7,3,14
1032,1032,Software Engineering A Practitioner Approach (REPLACE),Pressman,,,Mc Graw Hill,,803827,DCSE/19/7,3,15
1108,1108,Dvorak's Guide to PC Telecommuni.,Dvorock,442.2,,Mc Graw,,813936,DCSE/19/7,3,16
1003,1003,The Hand book of Art.  Intel. ,Paul,622.75,,AW,,780264,DCSE/19/7,3,17
1035,1035,Desi. Effi. Algo for Parallel Comp. Sys.,Quinn,150.25,,Mc Graw Hill,,803829,DCSE/19/7,3,18
1031,1031,Computer Architecture & Organisation,Hayes,169.15,,Mc Graw,,803825,DCSE/19/7,3,19
1007,1007,Introduction to Automata Theory,Hopcraft/Ullman,85,,Narosa,,780798,DCSE/19/7,3,20
1020,1020,Fuzy sets & System Theory & App.,Dubois,1502.55,,AP,,781005,DCSE/19/7,3,21
1027,1027,Comp. Architecture & Parallel Proce.,Hwang Briggs,,8.95,Mc Graw,,781566,DCSE/19/7,3,22
1021,1021,Syntactic Methods in Pattern Recog.,Fu,1625.4,,AP,,781006,DCSE/19/7,3,23
1015,1015,Computer Vision,Ballard,1634.35,,P.H.I,,781000,DCSE/19/7,3,24
993,993,A Basis for Theoretical Computer Sci.,Arbib et al,719.2,,SV,,755354,DCSE/19/7,3,25
1102,1102,Elements of Parallel Computing,Raja Raman,39,,Pr. Hall,,813636,DCSE/19/7,3,26
1069,1069,The Art of Computer Prog. Vol.2,Knuth,,68.75,Wesley,,756595,DCSE/19/7,3,27
1006,1006,Programming Language,Pratt,75,,P.H.I,,780797,DCSE/19/7,3,28
1098,1098,Operation Research,Bronson,110.55,,Mc Graw,,813632,DCSE/19/7,3,28
1101,1101,Elementary Numerical Analysis,Conte,175.87,,Mc Graw,,813635,DCSE/19/7,3,30
1068,1068,Local Networks,Stallings,,9.45,McMillan,,756594,DCSE/19/7,4,1
1121,1121,Understanding & Using dBase III Plus,Krumm,89,,Pr. Hall,,814148,DCSE/19/7,4,2
1060,1060,Turbo 'C' User's Guide,Borland,400,,Borland,,756699,DCSE/19/7,4,3
1145,1145,Microsoft Quick Basic Compiler,Microsoft,73,,Microsoft,,805954,DCSE/19/7,4,4
1055,1055,Discrete Mathmatics A Unified Appro.,Witalla,,7.95,Mc Graw,,756607,DCSE/19/7,4,5
1128,1128,Advanced Prog. in Clipper with C,Straley,622.96,,Wesley,,783202,DCSE/19/7,4,6
1126,1126,Syntax Analysis & Software Tools,Gough,1059.76,,Wesley,,783200,DCSE/19/7,4,7
1146,1146,Programming in Ada,Tremblay et al.,258.12,,Mc Graw,,805955,DCSE/19/7,4,8
1140,1140,Applied Numerical Methods with PCs,Constantinides,352.56,,Mc Graw,,783214,DCSE/19/7,4,9
1139,1139,A Guide to Networking,Cohen,172.64,,Boyd,,783213,DCSE/19/7,4,10
1142,1142,2000 Solved Problems in Num. Ana.,Scheid,176.8,,Mc Graw,,783216,DCSE/19/7,4,11
1103,1103,Combintorics,Krishnamurty,110,,Ellis,,813637,DCSE/19/7,4,12
1104,1104,Pert and CPM ,Srinath,42,,EWP,,813638,DCSE/19/7,4,13
1109,1109,Using SCO Unix,Lebloud,321.6,,Mc Graw,,813937,DCSE/19/7,4,14
1120,1120,Computer Science,French,85,,Arnold ,,814147,DCSE/19/7,4,14
1018,1018,The Unix Operating System,Christen,566.05,,,,781003,DCSE/19/7,4,16
1106,1106,Introduction to Operation Research,Hiller,300.5,,Mc Graw,,813640,DCSE/19/7,4,17
1119,1119,Pascal Programming,Holmes,54,,BPB,,814146,DCSE/19/7,4,18
1118,1118,The ABC's of SCO Unix,Cuthburtson,75,,BPB,,814145,DCSE/19/7,4,19
1117,1117,Illustrated Clipper 5.0,Muller,90,,BPB,,814144,DCSE/19/7,4,20
1070,1070,The Art of Computer Prog. Vol.3,Knuth,,68.75,Wesley,,756596,DCSE/19/7,4,21
1072,1072,Algorithms Theory & Practice,Brassard Bratley,,31.9,Pr. Hall,,756597,DCSE/19/7,4,22
1083,1083,The Comp. Virus Prote. Hand Book,Haynes,120,,BPB,,804506,DCSE/19/7,4,23
1079,1079,Unix Shell Programming 2nd ed.,Delmer,90,,Galgotia,,804502,DCSE/19/7,4,24
1047,1047,Fundamentals of Database System,,375,,Ben-Cumm,,756600,DCSE/19/7,4,25
1082,1082,Variation in C,Schustack,180,,Microsoft,,804505,DCSE/19/7,4,26
1038,1038,Understanding Pascal Turbo Version,Bauman & Mandell,80,,Jaico,,803823,DCSE/19/7,4,27
1005,1005,Introduction to Operation Research,Gillett,78,,T.M.H,%%%,780796,DCSE/19/7,4,28
1092,1092,Rela dBase Desi. With Microcomp. App.,Jackson,260.3,,Pr. Hall,,757939,DCSE/19/7,4,29
1094,1094,The Haymlyn Dictionary of Comp.,Collin,116.61,,Hamlyn,,757941,DCSE/19/7,4,30
1093,1093,An Intro. To Distri. & Paralled Comp.,Crichlow,179.9,,Pr. Hall,,757940,DCSE/19/7,4,31
1137,1137,Frontiers in Parallel Computing,Bhatkar,350,,Narosa ,,783211,DCSE/19/7,4,32
831,Turbo C MR Uti Ser I/o & Prog. Tech,Stevens,75,,,BPB,,775389,DCSE/19/9,1,1
888,Illustrated Turbo Prolog,Meallister,75,,,BPB,,775388,DCSE/19/9,1,2
833,Introduction to Turbo Prolog,Townsend,60,,,BPB,,775387,DCSE/19/9,1,3
834,Mastering Turbo Pascal-5,Mergert,90,,,BPB,,775386,DCSE/19/9,1,4
835,Understanding Oracle,Perry,150,,,BPB,,775385,DCSE/19/9,1,5
836,dBase III Plus,Stultz,60,,,BPB,,773596,DCSE/19/9,1,6
837,Advance DOS,Hayman,75,,,BPB,,775397,DCSE/19/9,1,7
838,Advance MS DOS Programming,Duncan,240,,,BPB,,775398,DCSE/19/9,1,8
839,Mastering The Norton Utilities,Dayson,90,,,BPB,,775399,DCSE/19/9,1,9
840,Using Wordstar,Ditten ,150,,,BPB,,775400,DCSE/19/9,1,10
841,Data Networks,Bertsekas Gallager,242.73,,,P.H.I,,722632,DCSE/19/9,1,11
842,Comp. Engineering Hardware Design,Mano,173.13,,,P.H.I,,722630,DCSE/19/9,1,12
843,Program Construction & Varification,Hoare,242.73,,,P.H.I,,722633,DCSE/19/9,1,13
844,Architecture of small Computer Sys.,Lippiatt Wright,190.53,,,P.H.I,,722631,DCSE/19/9,1,14
845,A Portable Implementation,Hekmatpour,1070.1,,,,,722634,DCSE/19/9,1,15
846,Prog. Using the C Lang.,Hutchison/Just,,,,,,722635,DCSE/19/9,1,16
847,dBase Processing,Kroenke,60,,,Galgotia,,722636,DCSE/19/9,1,17
848,Computer dBase Organization,Martin,85,,,P.H.I,,722637,DCSE/19/9,1,18
849,Computer dBase Organization,Martin,85,,,P.H.I,,722639,DCSE/19/9,1,19
850,Computer dBase Organization,Martin,85,,,P.H.I,,722638,DCSE/19/9,1,20
851,Unix Utilities,Tare,123.7,,,Mc Graw,,722640,DCSE/19/9,1,21
854,Elements of Theory of Computation,Lecois,301.71,,,P.H.I,,722709,DCSE/19/9,1,22
855,Brinch Hansen on Pascal Compiler,Hansen,230.51,,,P.H.I,,722710,DCSE/19/9,1,23
856,Introduction to Microcomputer,Mathur,66,,,TMH,,722711,DCSE/19/9,1,24
857,dBase Processing Fund. Desi. & Impl.,Kroenke,60,,,Galgotia,,771840,DCSE/19/9,1,25
858,dBase Processing Fund. Desi. & Impl.,Kroenke,60,,,Galgotia,,771839,DCSE/19/9,1,26
859,Using Microsoft C,Feibel,390.71,,,Mc Graw,,771838,DCSE/19/9,1,27
860,dBase Language Hand Book,Kalman,180,,,BPB,,722784,DCSE/19/9,2,1
861,The Hard Disk Companian,Norton,69,,,P.H.I,,776806,DCSE/19/9,2,2
862,Communicating Sequential Processes,Hoare,79,,,P.H.I,,776807,DCSE/19/9,2,3
863,Basis VSLI System,Pucknell,79,,,P.H.I,,776808,DCSE/19/9,2,4
865,Mathmatical Methods for AI,Donghaty,301.71,,,P.H.I,,776810,DCSE/19/9,2,5
864,Solving Problem on Concurrent Proc.,Fox,337.31,,,P.H.I,,776809,DCSE/19/9,2,6
866,Symbolic Computation,Enderle G.,145,,,Narosa,,777428,DCSE/19/9,2,7
867,Data Management & File Processing,Loom's,69,,,P.H.I,,777429,DCSE/19/9,2,8
868,Elippers Programming Guide,Spena,90,,,BPB,,778062,DCSE/19/9,2,9
869,Introduction to Operations Research,Gillett,,,,,LOST,778063,DCSE/19/9,2,10
871,Data Networks,Bertsekes ,75,,,P.H.I,,778065,DCSE/19/9,2,11
872,Data Structures,Reingold,60,,,CBS,,778066,DCSE/19/9,2,12
873,Discrete Mathmatics ,Witalla,133.5,,,Mc Graw,,778067,DCSE/19/9,2,13
874,Proc. Elements for Computer Graphics,Rogers,115.7,,,Mc Graw,,778068,DCSE/19/9,2,14
875,Fortran 77,Reddy,112,,,Jaico,,755072,DCSE/19/9,2,15
876,Principles of Computer Aided Design,Rooney,100,,,EWP,,755073,DCSE/19/9,2,16
877,Computer Communication & Network,Freer,120,,,EWP,,755074,DCSE/19/9,2,17
878,Principles of Dogotal & Analog Comm.,Gibson,218.68,,,Mc Graw,,755075,DCSE/19/9,2,18
879,Computer Organization & Archtecture,Stallings,200.38,,,Mc Graw,,755076,DCSE/19/9,2,19
880,An Introduction to Numerical Comp.,Yakonitz,182.08,,,Mc Graw,,755072,DCSE/19/9,2,20
882,Theory of Finite Automata,Carrodi,236.98,,,P.H.I,,755079,DCSE/19/9,2,21
883,Data Types & Data Structures,Martin,346.78,,,P.H.I,,755080,DCSE/19/9,2,22
884,Real Time Computer Control,Bennett,346.78,,,P.H.I,,755081,DCSE/19/9,2,23
885,Software Engineering,Bek,255.28,,,P.H.I,,755082,DCSE/19/9,2,24
886,Data & Computer Communication,Stallings,236.98,,,MxMac,,755083,DCSE/19/9,2,25
887,Advanced Prog. in Pascal Data Stru.,Nyhaff,182.08,,,MxMac,,755084,DCSE/19/9,2,26
881,Data Base Processing,Kroenke,255.2,,,Mc Graw,,755078,DCSE/19/9,2,27
891,Stochastic Processes,Meelhi,35,,,Wiley,,755080,DCSE/19/9,2,28
832,Illustrated Turbo Prolog,Mcallistar,75,,,BPB,,755085,DCSE/19/9,2,29
889,An Introduction to Prob. Theory & its App.,Feller,32,,,Wiley,,755087,DCSE/19/9,2,30
890,An Introduction to Prob. Theory & its App.,Feller,32,,,Wiley,,755086,DCSE/19/9,2,31
892,Schaumus Probability & Satistics,Spiegel,100.65,,,MGH,,755089,DCSE/19/9,2,32
893,Schaumus Probability & Satistics,Spiegel,100.65,,,MGH,,755090,DCSE/19/9,2,33
894,Fundamentals of Computing,Alagar,273.58,,,P.H.I,,755091,DCSE/19/9,3,1
895,File System,Harbron,236.98,,,P.H.I,,755092,DCSE/19/9,3,2
896,Parallel & Distributed Computation,Bertsekus,310.18,,,P.H.I,,755093,DCSE/19/9,3,3
897,Operating System,Pinkers,310.18,,,P.H.I,,755094,DCSE/19/9,3,4
898,Elements of Theory of Computation,Lewis,255.28,,,P.H.I,,755095,DCSE/19/9,3,5
899,Data Commu. & Distributes Networks,Black,255.28,,,P.H.I,,755096,DCSE/19/9,3,6
900,File Techn. For dBase Org. in COBOL,Johnson,236.98,,,P.H.I,,755097,DCSE/19/9,3,7
901,Computer Science,Lew,310.18,,,P.H.I,,755098,DCSE/19/9,3,8
902,Principles of Programming Language,Tennent,65,,,P.H.I,,755099,DCSE/19/9,3,9
903,Introduction to Electronics Design,Mitchell,310.18,,,P.H.I,,755100,DCSE/19/9,3,10
904,Computer Vision for Robotic System,Fairehurst,255.28,,,P.H.I,,755101,DCSE/19/9,3,11
905,Expert System Application,Vadera,75,,,Galgotia,,779788,DCSE/19/9,3,12
906,Design of Computer Data Files,Hanson,90,,,EWP,,779789,DCSE/19/9,3,13
907,Essential of Computer Data Files,Hanson,55,,,EWP,,779790,DCSE/19/9,3,14
908,Logic Algebra & dBase,Gray P.,85,,,Wiley,,779791,DCSE/19/9,3,15
909,Interactive 3D Computer Graphics,Ammeral,106.14,,,P.H.I,,779792,DCSE/19/9,3,16
910,Programming Languages,Pratt,75,,,Galgotia,,779793,DCSE/19/9,3,17
912,Fundamentals of Computer Algorithm,Horowitz & Sahni,65,,,Galgotia,,779794,DCSE/19/9,3,18
913,Fundamentals of Computer Algorithm,Horowitz & Sahni,65,,,Galgotia,,779795,DCSE/19/9,3,19
914,Teach Yourself Unix,Ashley,60,,,Galgotia,,779787,DCSE/19/9,3,20
915,The Hand book of Art.  Intel. Vol. 1,Barr,511.48,,,AW,,779717,DCSE/19/9,3,21
916,The Hand book of Art.  Intel. Vol. 1,Barr,529.78,,,AW,,779718,DCSE/19/9,3,22
917,Computer Aided Design,Encarnaco S.,1144,,,SV,,779719,DCSE/19/9,3,23
918,Syntactic Pattern Recognition,Gonzalez Thompson,965.32,,,AW,,779720,DCSE/19/9,3,24
919,Finite Markov Chains,Kemeny Snell,979,,,SV,ISSUED (SKB),779721,DCSE/19/9,3,25
920,Introduction to Discrese Structures,Preparta/Yeh,1130.02,,,AW,,779722,DCSE/19/9,3,26
921,Robot Modelling,Ranky/Ho,1408,,,SV,,779723,DCSE/19/9,3,27
922,Building Expert System,Rath,1271.85,,,AW,,779724,DCSE/19/9,3,28
923,Lisp (3rd ed.),Winston/Horn,745.72,,,AW,,779725,DCSE/19/9,3,29
924,System Simulation,wolfgang Krenfzer,1020.2,,,AW,,779726,DCSE/19/9,3,30
925,Desi. & Ana. Of Comp. Comm. & Net.,Ahuja,145.48,,,MGH,,779727,DCSE/19/9,3,31
926,System Simulation (2nd ed.),Gerdon,65,,,P.H.I,,779728,DCSE/19/9,3,32
927,Comp. Aided Design & Manufacturing,Groover / Zimmes,75,,,P.H.I,,779729,DCSE/19/9,3,33
928,Digital Principles & Application,Malvino/Leach,100.65,,,MGH,,779730,DCSE/19/9,3,34
930,Software Engineering Concepts,Richard/Fairley,127.18,,,MGH,,779732,DCSE/19/9,4,1
929,Operating Sys. (Concepts & Design),Milenkovic,163.78,,,MGH,,779731,DCSE/19/9,4,2
931,Numerical Mathmatical Anal. 6th ed.,Scarborough,49,,,IBM,,779733,DCSE/19/9,4,3
932,Principles of Comm. System 2nd ed.,Taub/Schilling,145.48,,,MGH,,779734,DCSE/19/9,4,4
934,File Organisation for dBase Design,Wiederhold,155.55,,,MGH,,779736,DCSE/19/9,4,5
935,MS DOS Advanced Programming,Young,150,,,Tech,,779737,DCSE/19/9,4,6
938,Stretching Turbo Pascal,Porter,493.18,,,Brady,,779739,DCSE/19/9,4,7
937,C with Assembly Language,Holzner,90,,,BPB,,779749,DCSE/19/9,4,8
936,Asse. Lang. Prog. For the IBM PCAT,Scanlon,456.58,,,Brady,,779738,DCSE/19/9,4,9
948,Stru. Analysis & Design of Infor. Sys.,Aktas,163.78,,,P.H.I,,779903,DCSE/19/9,4,10
949,An Intro. To Prob. Theory & Its App.,Feller,88,,,Wiley,,779904,DCSE/19/9,4,11
950,An Intro. To Prob. Theory & Its App.,Feller,88,,,Wiley,,779905,DCSE/19/9,4,12
947,Unix Programming on the 80286/386,Deikman,75,,,BPB,,779748,DCSE/19/9,4,13
933,Common Lisp,Hennessey,163.78,,,MGH,,779735,DCSE/19/9,4,14
946,Programmer's Problem Solver,Jurordain,90,,,BPB,,779747,DCSE/19/9,4,15
945,Data Commu. Networks & Design,Barkey,150,,,BPB,,779746,DCSE/19/9,4,16
943,Programmer's Guide to the EGA / VGA,Sutty/Blair,180,,,BPB,,779744,DCSE/19/9,4,17
942,Software Engineering,Pressman,,,,,,942,DCSE/19/9,4,18
940,80386 Programming Guide,Leventhal,401.68,,,Bentan,,779741,DCSE/19/9,4,19
941,The 80386 Book,Nelson,456.58,,,Microsoft,,779742,DCSE/19/9,4,20
939,Artificial Intelligence & Comp. Games,Bartle,327.35,,,Century,,779740,DCSE/19/9,4,21
944,The RS-232 Solution,Campbell,90,,,BPB,,779742,DCSE/19/9,4,22
960,Introduction to Numerical Analysis,Hildebrand,72,,,TMH,,779915,DCSE/19/9,4,23
959,Understanding CAD/CAM,Bowman,60,,,BPB,,779914,DCSE/19/9,4,24
958,Database Technology,Hughes,236.98,,,P.H.I,,779911,DCSE/19/9,4,25
957,Operation Research,Taha,255.28,,,Maxwell,,779910,DCSE/19/9,4,26
956,Desi. & Prog. Modern Comp. Systems II,Svetlana,1107.15,,,P.H.I,,779909,DCSE/19/9,4,27
955,The Busi. Gui. To Local Area Networks,Stallings,456.58,,,HWS,,779908,DCSE/19/9,4,28
954,A First Course in Probability,Ross,145.48,,,Maxwell,,779907,DCSE/19/9,4,29
953,Software Reality,Muss,173.85,,,MGH,,779913,DCSE/19/9,4,30
952,Computer System Architecture,Mano,75,,,P.H.I,,779912,DCSE/19/9,4,31
951,Real Time Software,Leigh,60,,,Jaico,,779906,DCSE/19/9,4,32
963,Fundamental of Computer Algorithm,Horowitz ,79,,,Galgotia,,779918,DCSE/19/9,5,1
964,Exp. Sys. Dev. In Prolog & Tur Prolog,Smith,65,,,Galgotia,,779919,DCSE/19/9,5,2
965,Design of Computer Data Files,Hanson,90,,,EWP,,779920,DCSE/19/9,5,3
966,Essential of Computer Data Files,Hanson,55,,,EWP,,779921,DCSE/19/9,5,4
967,Real Time Computer Control,Bennett,346.78,,,P.H.I,,779922,DCSE/19/9,5,5
968,The Logic design of Operating System,Pric,,,,,LOST,779923,DCSE/19/9,5,6
983,Turbo C Version,Manual,400,,,SKW,,755367,DCSE/19/9,5,7
984,PC/XT technical,Manual,300,,,SKW,,984,DCSE/19/9,5,8
986,Principles of Artificial Intelligence,Nilsson,120,,,N.P.H,,755360,DCSE/19/9,5,9
961,System Simulation with Digital Comp.,Narsingh,49,,,P.H.I,,755369,DCSE/19/9,5,10
980,PC Tools Deluxe Release,Manual,450,,,SKW,,755365,DCSE/19/9,5,11
981,Turbo Pascal Version,Manual,300,,,SKW,,755366,DCSE/19/9,5,12
962,Stochastic Processes,Srinivasan,39,,,TMH,,779917,DCSE/19/9,5,13
969,Pattern Clasification & Acene Ana.,Duda,1320.34,,,J.Wiley,,779924,DCSE/19/9,5,14
970,Data Structures & Program design in C (REPLACE),Kruse.R,,,,,,970,DCSE/19/9,5,15
985,Pattern Recognition Principles,Julius,1450.27,,,AW,,755359,DCSE/19/9,5,16
982,Turbo C Version,Manual,400,,,SKW,,755368,DCSE/19/9,5,17
974,Logic Algebra & database,Gray,85,,,EWP,,779929,DCSE/19/9,5,18
971,Introduction to Microprocessors,Leventhal,75,,,P.H.I,,779926,DCSE/19/9,5,19
972,The Practical Guide to Stru. Sys. Desi.,Jones,236.98,,,P.H.I,,779927,DCSE/19/9,5,20
973,Modern Computer Architecture,Rafiquzzaman,75,,,Galgotia,,779928,DCSE/19/9,5,21
989,Desi. & Prog. Modern Comp. & Systems III,Svetlana Kartashev,1134.6,,,P.H.I,,755362,DCSE/19/9,5,22
988,Desi. & Prog. Modern Comp. & Systems I,Svetlana Kartashev,1409.1,,,P.H.I,,756362,DCSE/19/9,5,23
979,Harvard Graphics Version,Harvard,350,,,SKW,,755364,DCSE/19/9,5,24
990,Mastering PC Tools Deluxe,Manual,120,,,BPB,,755356,DCSE/19/9,5,25
977,C Programming Principles,Gray,163.18,,,Mc Graw,,755234,DCSE/19/9,5,26
976,Mastering Cross Talk,Gotton,60,,,Tech,,755233,DCSE/19/9,5,27
975,Principle of Operating System,Kigner,79,,,P.H.I,,779930,DCSE/19/9,5,28
987,Programming in Pascal,Sarda,40,,,Pitamber,,755361,DCSE/19/9,5,29
978,Math. Elements for Computer Graphics,Rogers,163.78,,,Mc Graw,,755235,DCSE/19/9,5,30
2421,Advanced Computer Architecture (REPLACE),"Dezso Sima. Peter. Terence,Fountain",475,,,Pearson Education,,998746,DCSE/98/E/2,1,1
2422,Computer Graphics Principles & Practicals,"Foley,Van Dam, Feiner, Hughes",475,,,Pearson Education,,998749,DCSE/98/E/2,1,2
2423,Computer Graphics Principles & Practicals,"Foley,Van Dam, Feiner, Hughes",425,,,Pearson Education,,998748,DCSE/98/E/2,1,3
2424,Computer Graphics C Version,Hearn Baker,425,,,Pearson Education,,998751,DCSE/98/E/2,1,4
2425,Computer Graphics C Version,Hearn Baker,425,,,Pearson Education,,998754,DCSE/98/E/2,1,5
2426,Computer Graphics C Version,Hearn Baker,425,,,Pearson Education,,998753,DCSE/98/E/2,1,6
2427,Computer Graphics C Version,Hearn Baker,425,,,Pearson Education,,998752,DCSE/98/E/2,1,7
2428,Computer Graphics C Version,Hearn Baker,425,,,Pearson Education,,998750,DCSE/98/E/2,1,8
2429,Computer Graphics C Version,Hearn Baker,425,,,Pearson Education,,998755,DCSE/98/E/2,1,9
2430,Mathmatical Elements of Comp. Gr.,Roger Adams,250,,,TMH,,998759,DCSE/98/E/2,1,10
2431,Mathmatical Elements of Comp. Gr.,Roger Adams,250,,,TMH,,998751,DCSE/98/E/2,1,11
2432,Mathmatical Elements of Comp. Gr.,Roger Adams,250,,,TMH,,998756,DCSE/98/E/2,1,12
2433,Mathmatical Elements of Comp. Gr.,Roger Adams,250,,,TMH,,998758,DCSE/98/E/2,1,13
2434,Mathmatical Elements of Comp. Gr.,Roger Adams,250,,,TMH,,998760,DCSE/98/E/2,1,14
2435,Mathmatical Elements of Comp. Gr.,Roger Adams,250,,,TMH,,998761,DCSE/98/E/2,1,15
2436,Procedural Elements of Computer Graphics,Roger D.F,295,,,TMH,,994158,DCSE/98/E/2,1,16
2437,Procedural Elements of Computer Graphics,Roger D.F,295,,,TMH,,998762,DCSE/98/E/2,1,17
2438,Procedural Elements of Computer Graphics,Roger D.F,295,,,TMH,,994199,DCSE/98/E/2,1,18
2439,Procedural Elements of Computer Graphics,Roger D.F,295,,,TMH,,994200,DCSE/98/E/2,1,19
2440,Procedural Elements of Computer Graphics,Roger D.F,295,,,TMH,,998763,DCSE/98/E/2,1,20
2441,Procedural Elements of Computer Graphics,Roger D.F,295,,,,,998764,DCSE/98/E/2,1,21
2442,Neural Network Fundamentals with Algo. & Appli.,"Bose N K,Liang P",195,,,,,998765,DCSE/98/E/2,1,22
2443,Neural Network Fundamentals with Algo. & Appli.,"Bose N K,Liang P",195,,,TMH,,998770,DCSE/98/E/2,1,23
2444,Neural Network Fundamentals with Algo. & Appli.,"Bose N K,Liang P",195,,,TMH,,998766,DCSE/98/E/2,1,24
2445,Neural Network Fundamentals with Algo. & Appli.,"Bose N K,Liang P",195,,,TMH,,998768,DCSE/98/E/2,2,1
2446,Neural Network Fundamentals with Algo. & Appli.,"Bose N K,Liang P",195,,,TMH,,998769,DCSE/98/E/2,2,2
2447,Neural Network Fundamentals with Algo. & Appli.,"Bose N K,Liang P",195,,,TMH,,998767,DCSE/98/E/2,2,3
2448,Data & Computer Communications ,Stallings,265,,,PHI,,988007,DCSE/98/E/2,2,4
2449,Data & Computer Communications ,Stallings,265,,,PHI,,988008,DCSE/98/E/2,2,5
2450,Data & Computer Communications ,Stallings,265,,,TMH,,988006,DCSE/98/E/2,2,6
2451,Introduction to Probability & Statistics,Lipschutz,215,,,TMH,,988012,DCSE/98/E/2,2,7
2452,Introduction to Probability & Statistics,Lipschutz,215,,,TMH,,988011,DCSE/98/E/2,2,8
2454,Introduction to Probabilty & Statistics Application (REPLACE),Lipschutz,125,,,TMH,,988009,DCSE/98/E/2,2,9
2455,Introduction to Probability & Statistics Applications,Meyers,125,,,Oxford,,988013,DCSE/98/E/2,2,10
2456,Introduction to Probability & Statistics Applications,Meyers,125,,,Oxford,,988014,DCSE/98/E/2,2,11
2457,Introduction to Probability & Statistics Applications,Meyers,200,,,Oxford,,988015,DCSE/98/E/2,2,12
2458,Fundamentals of Statistics,Gunn A.M.,195,,,World Press,,988017,DCSE/98/E/2,2,13
2459,Fundamental of Statistics,Gunn A.M,200,,,World Press,,988016,DCSE/98/E/2,2,14
2460,Fundamentals of Statistics,Gunn A.M.,200,,,World Press,,988018,DCSE/98/E/2,2,15
2461,Fundamentals of Statistics I,Gunn A.M.,200,,,World Press,,988020,DCSE/98/E/2,2,16
2462,Fundamentals of Statistics I,Gunn A.M.,200,,,World Press,,988019,DCSE/98/E/2,2,17
2463,Fundamentals of Statistics II,Gunn A.M.,200,,,World Press,,988024,DCSE/98/E/2,2,18
2464,Fundamentals of Statistics II,Gunn A.M.,200,,,World Press,,988023,DCSE/98/E/2,2,19
2466,Fundamentals of Statistics II,Gunn A.M.,200,,,World Press,,988026,DCSE/98/E/2,2,20
2467,Fundamentals of Statistics II,Gunn A.M.,200,,,World Press,,988022,DCSE/98/E/2,2,21
2468,Fundamentals of Statistics II,Gunn A.M.,195,,,World Press,,988025,DCSE/98/E/2,2,22
2469,"Parallel Computers, Architecture & Programming",Raja Raman,195,,,P.Hall,,988027,DCSE/98/E/2,2,23
2470,"Parallel Computers,Architecture & Programming",Raja Raman,195,,,P.Hall,,988030,DCSE/98/E/2,2,24
2471,"Parallel Computers, Architecture & Programming",Raja Raman,195,,,P.Hall,,988031,DCSE/98/E/2,2,25
2472,"Parallel Computers, Architecture & Programming",Raja Raman,195,,,P.Hall,,988029,DCSE/98/E/2,2,26
2473,"Parallel Computers, Architecture & Programming",Raja Raman,195,,,P.Hall,,988028,DCSE/98/E/2,2,27
2474,Practical Parallel Programming,Wilson,195,,,PHI,,988032,DCSE/98/E/2,2,28
2475,Practical Parallel Programming,Wilson,195,,,PHI,,988033,DCSE/98/E/2,2,29
2476,"Internet Working with TCP I Principles, Protocals & Architecture",Commer Stevens,195,,,PHI,,988034,DCSE/98/E/2,2,30
2477,Software Engineering,Sommer Ville,399,,,Pearson Education,,988035,DCSE/98/E/2,2,31
2478,Moleculer Biology the Cell,Albert,4165.8,,,Garland Science,,988036,DCSE/98/E/2,2,32
2479,Data Communications & Networking (REPLACE),Forouzan,325,,,TMH,,987987,DCSE/98/E/2,3,1
2480,Data Communications & Networking,Forouzan,325,,,TMH,,987988,DCSE/98/E/2,3,2
2481,Data Communications & Networking,Forouzan,325,,,TMH,,987991,DCSE/98/E/2,3,3
2482,Data Communications & Networking,Forouzan,325,,,TMH,,987989,DCSE/98/E/2,3,4
2483,Data Communications & Networking,Forouzan,265,,,TMH,,987990,DCSE/98/E/2,3,5
2484,Data & Communications,Stallings,425,,,PHI,,987992,DCSE/98/E/2,3,6
2485,The Computer Reference JAVA J2SE 5th Edition,Schildt,425,,,Mc Graw Hill,,987993,DCSE/98/E/2,3,7
2486,The Complete Reference JAVA (REPLACE),Schildt,,,,Mc Graw Hill,,987996,DCSE/98/E/2,3,8
2487,The Complete Reference JAVA J2SE 5th Edition,Schildt,,,,Mc Graw Hill,,987997,DCSE/98/E/2,3,9
2488,The Complete Reference JAVA J2SE 5th Edition (REPLACE),Schildt,425,,,Mc Graw Hill,,987994,DCSE/98/E/2,3,10
2489,The Complete Reference JAVA J2SE 5th Edition,Schildt,425,,,Mc Graw Hill,,987995,DCSE/98/E/2,3,11
2490,Internet Working with TCP I/P,Commer Stevens,250,,,Pearson Education,,987998,DCSE/98/E/2,3,12
2491,Advanced Computer Architecture & Design Space Approach,Sima D.,450,,,Pearson Education,,1000784,DCSE/98/E/2,3,13
2492,Advanced Computer Architecture & Design Space Approach,Sima D.,450,,,Pearson Education,,1000783,DCSE/98/E/2,3,14
2493,Advanced Computer Architecture & Design Space Approach,Sima D.,450,,,Pearson Education,,1000782,DCSE/98/E/2,3,15
2494,Advanced Computer Architecture & Design Space Approach,Sima D.,450,,,Pearson Education,,1000785,DCSE/98/E/2,3,16
2495,Computer Architecture Pipelined & Parallel Processor,Flynn M.J.,275,,,Narosa,,1000787,DCSE/98/E/2,3,17
2496,Computer Architecture Pipelined & Parallel Processor,Flynn M.J.,275,,,Narosa,,1000786,DCSE/98/E/2,3,18
2497,Introduction to Parallel Processing,Sashi Kumar,175,,,P.Hall,,1000788,DCSE/98/E/2,3,19
2498,Introduction to Parallel Processing,Sashi Kumar,175,,,P.Hall,,1000789,DCSE/98/E/2,3,20
2499,"Parallel Computers, Architecture & Programming",Raja Raman,195,,,PHI,,1000790,DCSE/98/E/2,3,21
2501,Parallel Computing Theory & Practice,Quinn,240,,,TMH,ISSUED (SHAILENDRA-RGSC),1000792,DCSE/98/E/2,3,22
2500,"Parallel Computers, Architecture & Programming",Raja Raman,195,,,PHI,,1000791,DCSE/98/E/2,3,23
2503,Bioinformatics Seqences & Genome,David M Mount,1195,,,CBS,,1000796,DCSE/98/E/2,3,24
2504,Distributed Systems ; Concepts & Design,Coulouris et al.,399,,,Pearson Education,,1000794,DCSE/98/E/2,4,1
2505,Distributed Systems ; Concepts & Design,Coulouris et al.,399,,,Pearson Education,,1000795,DCSE/98/E/2,4,2
2507,Graph Theory with Applications to Engineering & Computer Science,Deo Narsingh,225,,,PHI,,1056754,DCSE/98/E/2,4,3
2508,Graph Theory with Applications to Engineering & Computer Science,Deo Narsingh,225,,,PHI,,1056753,DCSE/98/E/2,4,4
2509,Graph Theory with Applications to Engineering & Computer Science,Deo Narsingh,225,,,PHI,,1056757,DCSE/98/E/2,4,5
2510,Graph Theory with Applications to Engineering & Computer Science,Deo Narsingh,225,,,PHI,,1056756,DCSE/98/E/2,4,6
2511,Let us C,Kanetkar,240,,,BPB,,1056760,DCSE/98/E/2,4,7
2512,Graph Theory with Applications to Engineering & Computer Science,Deo Narsingh,225,,,PHI,,1056755,DCSE/98/E/2,4,8
2514,Let us C,Kanetkar,240,,,BPB,,1056761,DCSE/98/E/2,4,9
2515,Let us C,Kanetkar,240,,,BPB,,1056762,DCSE/98/E/2,4,10
2517,Fundamentals of Software Engineerings,Rajib Mall,250,,,PHI,,1056763,DCSE/98/E/2,4,11
2518,Fundamentals of Software Engineerings,Rajib Mall,250,,,PHI,,1056764,DCSE/98/E/2,4,12
2519,Upgrading & Repairing PCS,Scott Mueller,725,,,Pearson Education,,1056765,DCSE/98/E/2,4,13
2520,Artificial Intelligence ,Rich,350,,,TMH,,1056766,DCSE/98/E/2,4,14
2521,Artificial Intelligence ,Rich,350,,,,,1056767,DCSE/98/E/2,4,15
2522,Discrete Mathmatics & Application,Rosen Kenneth,425,,,,,1056770,DCSE/98/E/2,4,16
2523,Discrete Mathmatics & Application,Rosen Kenneth,425,,,,,1056771,DCSE/98/E/2,4,17
2526,Computer Reference Java 2,Schildt,485,,,TMH,,1056773,DCSE/98/E/2,4,18
2527,Computer Reference Java 2,Schildt,485,,,TMH,,1056772,DCSE/98/E/2,4,19
2528,Computer Graphics with Open GL,Hearn Baker,599,,,Pearson,,1056774,DCSE/98/E/2,4,20
2529,Unix : Concepts & Applications,Sumitabha Das,385,,,TMH,,1056775,DCSE/98/E/2,4,21
2530,Unix : Concepts & Applications,Sumitabha Das,385,,,TMH,,1056776,DCSE/98/E/2,4,22
2531,Computer System Architecture,M.Morris Mano,225,,,Pearson,,1056778,DCSE/98/E/2,5,1
2532,Computer System Architecture,M.Morris Mano,225,,,Pearson,,1056777,DCSE/98/E/2,5,2
2533,Programming in ANSI C,E. Balaguruswamy,240,,,TMH,,1056779,DCSE/98/E/2,5,3
2535,Programming in ANSI C,E. Balaguruswamy,240,,,TMH,,1056782,DCSE/98/E/2,5,4
2536,Programming in ANSI C,E. Balaguruswamy,240,,,TMH,,1056780,DCSE/98/E/2,5,5
2538,Fundamentals of Database Systems,Elmasri Navathe,450,,,Pearson,,1056784,DCSE/98/E/2,5,6
2539,Fundamentals of Database Systems,Elmasri Navathe,450,,,Pearson,,1056786,DCSE/98/E/2,5,7
2540,Fundamentals of Database Systems,Elmasri Navathe,450,,,Pearson,,1056785,DCSE/98/E/2,5,8
2542,Microprocessors Arch. Prog. & Appli. With 8085,Gaunkar,360,,,Penram International Publishing,,1056722,DCSE/98/E/2,5,9
2541,Microprocessors Arch. Prog. & Appli. With 8085,Gaunkar,360,,,Penram International Publishing,,1056723,DCSE/98/E/2,5,10
2544,Bayesean Networks & Decision Graphs,Finn V. Jenson,4773.82,,,Springer,,1056725,DCSE/98/E/2,5,11
2545,An Introduction to  Cryptography,Mollin,4089.18,,,Chapman & Hall,,1056726,DCSE/98/E/2,5,12
2546,Pattern Discovery in Bioinformatics,Laxmi Parida,4416.38,,,,,1056727,DCSE/98/E/2,5,13
2547,Algorithm & Data Structure,Mehlhorn,2568.82,,,,,1056728,DCSE/98/E/2,5,14
2548,The C Programming Language,Kerningham & Ritchie,120,,,Pearson Education,,1056733,DCSE/98/E/2,5,15
2550,The C Programming Language,Kerningham & Ritchie,120,,,Pearson Education,,1056729,DCSE/98/E/2,5,16
2651,Software Architecture,Shaw & Garlian,225,,,PHI,not,1064448,M-156/L046,1,1
2652,Software Architecture,Shaw & Garlian,225,,,PHI,not,1064447,M-156/L046,1,2
2653,At Guide to managing & Maintaining Yours PC,Annorews J.,814,,,Cengage Learning,,1056832,M-156/L046,1,3
2654,At Guide to managing & Maintaining Yours PC,Annorews J.,814,,,Cengage Learning,,1056831,M-156/L046,1,4
2655,At Guide to managing & Maintaining Yours PC,Annorews J.,814,,,Cengage Learning,CL,1056830,M-156/L046,1,5
2656,Adobe Programmer 7.0,Proot k.,295,,,Cengage Learning,,1056833,M-156/L046,1,6
2657,Adobe Programmer 7.0,Proot k.,295,,,Cengage Learning,,1056834,M-156/L046,1,7
2658,Adobe Programmer 7.0,Proot k.,295,,,Cengage Learning,,1056835,M-156/L046,1,8
2659,Adobe Photoshop CS3,Shelly,295,,,Cengage Learning,,1056836,M-156/L046,1,9
2660,Adobe Photoshop CS3,Shelly,295,,,Cengage Learning,,1056837,M-156/L046,1,10
2661,Adobe Photoshop CS3,Shelly,295,,,Cengage Learning,,1056838,M-156/L046,1,11
2662,Algorithms,Berman,350,,,Cengage Learning,,1056839,M-156/L047,1,12
2663,Algorithms,Berman,350,,,Cengage Learning,,1056840,M-156/L048,1,13
2664,Algorithms,Berman,350,,,Cengage Learning,,1056841,M-156/L049,1,14
2665,An Introduction to  Mathmatical Computer Sc.,Viswanath,425,,,Universities Press,,1056842,M-156/L050,1,15
2666,An Introduction to  Web Design & Programming,"WANG, PS",415,,,Cengage Learning,,1056844,M-156/L051,1,16
2667,An Introduction to  Web Design & Programming,"WANG, PS",415,,,Cengage Learning,,1056843,M-156/L052,1,17
2668,An Introduction to  Web Design & Programming,"WANG, PS",415,,,Cengage Learning,,1056845,M-156/L053,1,18
2670,Applied Numerical Method for Engineering,"Schilling,R.J.",499,,,Cengage Learning,,1056846,M-156/L053,1,19
2671,Applied Numerical Method for Engineering,"Schilling,R.J.",499,,,Cengage Learning,,1056847,M-156/L054,1,20
2672,Computer Forensics & Investigation,Phillips N.,499,,,Cengage Learning,,1056849,M-156/L055,1,21
2673,Computer Forensics & Investigation,Phillips N.,499,,,Cengage Learning,,1056851,M-156/L056,1,22
2674,Computer Forensics & Investigation,Phillips N.,499,,,Cengage Learning,,1056850,M-156/L057,1,23
2675,Computer Science : A Structured Approach using C++,Forouzan,465,,,Cengage Learning,,1056854,M-156/L058,1,24
2676,Computer Science : A Structured Approach using C++,Forouzan,465,,,Cengage Learning,,1056852,M-156/L059,1,25
2677,Computer Science : A Structured Approach using C++,Forouzan,465,,,Cengage Learning,,1056853,M-156/L060,1,26
2678,Data Mining Techniques,"Pujari, A.K.",350,,,Universities Press,,1056855,M-156/L061,1,27
2679,Data Structures : A Pseudocode Approach with C,Gilberg. R.F.,395,,,Cengage Learning,,1056856,M-156/L062,1,28
2680,Data Structures : A Pseudocode Approach with C,Gilberg. R.F.,395,,,Cengage Learning,,1056857,M-156/L063,1,29
2682,Discrete Mathmatics for Computer Sc.,Haggard,433,,,Cengage Learning,,1056861,M-156/L053,2,1
2683,Discrete Mathmatics for Computer Sc.,Haggard,433,,,Cengage Learning,,1056859,M-156/L054,2,2
2684,Discrete Mathmatics for Computer Sc.,Haggard,433,,,Cengage Learning,,1056860,M-156/L055,2,3
2686,Discrete Mathmatics with Combinatories,Santha's,395,,,Cengage Learning,,1056862,M-156/L053,2,4
2688,E Commerce,Schoeider G.,369,,,Cengage Learning,,1056867,M-156/L053,2,5
2689,E Commerce,Schoeider G.,369,,,Cengage Learning,,1056866,M-156/L054,2,6
2690,E Commerce,Schoeider G.,369,,,Cengage Learning,ISSUED (SHAILENDRA-RGSC),1056865,M-156/L055,2,7
2691,Elements of Data Compression,Drozdea A.,195,,,Cengage Learning,,1056868,M-156/L056,2,8
2692,Elements of Data Compression,Drozdea A.,195,,,Cengage Learning,,1056869,M-156/L057,2,9
2693,Elements of Data Compression,Drozdea A.,195,,,Cengage Learning,,1056870,M-156/L058,2,10
2694,Engineering Graphics,Goetsch,399,,,Cengage Learning,,1056873,M-156/L059,2,11
2695,Engineering Graphics,Goetsch,399,,,Cengage Learning,,1056872,M-156/L060,2,12
2696,Engineering Graphics,Goetsch,399,,,Cengage Learning,,1056871,M-156/L061,2,13
2697,Enterprise Resource Planning,Monk E.F.,225,,,Cengage Learning,,1056876,M-156/L062,2,14
2698,Enterprise Resource Planning,Monk E.F.,225,,,Cengage Learning,,1056875,M-156/L063,2,15
2699,Enterprise Resource Planning,Monk E.F.,225,,,Cengage Learning,,1056874,M-156/L064,2,16
2700,Expert System,Giarratano,499,,,Cengage Learning,,1056879,M-156/L065,2,17
2701,Expert System,Giarratano,499,,,Cengage Learning,,1056877,M-156/L066,2,18
2702,Expert System,Giarratano,499,,,Cengage Learning,,1056878,M-156/L067,2,19
2703,Foundation of Programming Language,"Roosta, S.H.",425,,,Cengage Learning,,1056882,M-156/L068,2,20
2704,Foundation of Programming Language,"Roosta, S.H.",425,,,Cengage Learning,,1056881,M-156/L069,2,21
2705,Foundation of Programming Language,"Roosta, S.H.",425,,,Cengage Learning,,1056880,M-156/L070,2,22
2706,Fundamentals of Computer,Morley & Parker,299,,,Cengage Learning,,1056883,M-156/L071,2,23
2707,Fundamentals of Computer,Morley & Parker,299,,,Cengage Learning,,1056885,M-156/L072,2,24
2708,Fundamentals of Computer,Morley & Parker,299,,,Cengage Learning,,1056884,M-156/L073,2,25
2709,Fundamentals of Computer Security,Pieprzyk & Hardjono,575,,,Orient LO,,1056886,M-156/L074,2,26
2710,Human Computer interaction Basics & Practice,Atakan S.,175,,,Cengage Learning,,1056889,M-156/L075,2,27
2711,Human Computer interaction Basics & Practice,Atakan S.,175,,,Cengage Learning,,1056888,M-156/L076,2,28
2714,Human Computer interaction Inver.,Olsen D.R.,325,,,Cengage Learning,,1056890,M-156/L053,3,1
2715,Human Computer interaction Inver.,Olsen D.R.,325,,,Cengage Learning,,1056892,M-156/L054,3,2
2716,Interactive Computer Graphics,Sung K.,395,,,Cengage Learning,,1056895,M-156/L055,3,3
2717,Interactive Computer Graphics,Sung K.,395,,,Cengage Learning,,1056893,M-156/L056,3,4
2718,Interactive Computer Graphics,Sung K.,395,,,Cengage Learning,,1056894,M-156/L057,3,5
2719,Introduction to 3D Graphics & Animation using Maya,Watrins A.,489,,,Cengage Learning,,1056896,M-156/L058,3,6
2720,Introduction to 3D Graphics & Animation using Maya,Watrins A.,489,,,Cengage Learning,,1056897,M-156/L059,3,7
2721,Introduction to 3D Graphics & Animation using Maya,Watrins A.,489,,,Cengage Learning,,1056898,M-156/L060,3,8
2724,Introduction to Digital Image Processing with Matlab,Acandrew,325,,,Cengage Learning,,1056901,M-156/L053,3,9
2725,Introduction to Information Technology,Aksoy,295,,,Cengage Learning,,1056904,M-156/L054,3,10
2726,Introduction to Information Technology,Aksoy,295,,,Cengage Learning,,1056903,M-156/L055,3,11
2727,Introduction to Information Technology,Aksoy,295,,,Cengage Learning,,1056902,M-156/L056,3,12
2728,Introduction to Network Security,Kranetz N.,395,,,Cengage Learning,,1056907,M-156/L057,3,13
2729,Introduction to Network Security,Kranetz N.,395,,,Cengage Learning,,1056906,M-156/L058,3,14
2730,Introduction to Network Security,Kranetz N.,395,,,Cengage Learning,,1056905,M-156/L059,3,15
2731,Introduction to Scientific Computation & Programming,Kaplan D.T.,380,,,Cengage Learning,,1056910,M-156/L060,3,16
2732,Introduction to Scientific Computation & Programming,Kaplan D.T.,380,,,Cengage Learning,,1056909,M-156/L061,3,17
2733,Introduction to Scientific Computation & Programming,Kaplan D.T.,380,,,Cengage Learning,,1056908,M-156/L062,3,18
2734,Java Programming : Advanced Topics,Wiggles W.O.,679,,,Cengage Learning,,1056912,M-156/L063,3,19
2735,Java Programming : Advanced Topics,Wiggles W.O.,679,,,Cengage Learning,,1056911,M-156/L064,3,20
2736,Java Programming : Advanced Topics,Wiggles W.O.,679,,,Cengage Learning,,1056913,M-156/L065,3,21
2737,"Markov Chains Models, Algorithms & Aplications",Ching W.K.,395,,,Springer,ISSUED (VKS),1056914,M-156/L066,3,22
2738,Matlab Programming for Engineers 3ed.,Chapman S.J.,353,,,Cengage Learning,ISSUED (VKS),1056915,M-156/L067,3,23
2739,Matlab Programming for Engineers 3ed.,Chapman S.J.,353,,,Cengage Learning,,1056916,M-156/L068,3,24
2740,Matlab Programming for Engineers 3ed.,Chapman S.J.,353,,,Cengage Learning,,1056917,M-156/L069,3,25
2741,Neural Network Design,Hagan M.T.,433,,,Cengage Learning,,1056918,M-156/L070,3,26
2742,Neural Network Design,Hagan M.T.,433,,,Cengage Learning,,1056920,M-156/L071,3,27
2743,Neural Network Design,Hagan M.T.,433,,,Cengage Learning,,1056919,M-156/L072,3,28
2744,Numerical Analysis,Burden R.L.,475,,,Cengage Learning,,1056923,M-156/L073,3,29
2746,Numerical Analysis,Burden R.L.,475,,,Cengage Learning,,1056921,M-156/L073,4,1
2749,Numerical Methods & Applications,Cheney E.W.,395,,,Cengage Learning,,1056926,M-156/L073,4,2
2750,Operating System,"Flynn, Mchoes",321,,,Cengage Learning,,1056929,M-156/L074,4,3
2751,Operating System,"Flynn, Mchoes",321,,,Cengage Learning,,1056927,M-156/L075,4,4
2752,Operating System,"Flynn, Mchoes",321,,,Cengage Learning,,1056928,M-156/L076,4,5
2753,Operating System & Middleware,May Wailperin,399,,,Cengage Learning,,1056930,M-156/L077,4,6
2754,Operating System & Middleware,May Wailperin,399,,,Cengage Learning,,1056931,M-156/L078,4,7
2755,Operating System & Middleware,May Wailperin,399,,,Cengage Learning,,1056932,M-156/L079,4,8
2756,Project Management in IT,Schwalbe K.,350,,,Cengage Learning,,1056933,M-156/L080,4,9
2757,Project Management in IT,Schwalbe K.,350,,,Cengage Learning,,1056934,M-156/L081,4,10
2758,Project Management in IT,Schwalbe K.,350,,,Cengage Learning,,1056935,M-156/L082,4,11
2760,Programming in MATLAB,Hernjter M.,395,,,Cengage Learning,,1056938,M-156/L073,4,12
2761,Programming in MATLAB,Hernjter M.,395,,,Cengage Learning,,1056936,M-156/L074,4,13
2762,AFID + The Complete Review of Radio Frequency Identification,Cooney E.M.,272,,,Cengage Learning,,1056940,M-156/L075,4,14
2763,AFID + The Complete Review of Radio Frequency Identification,Cooney E.M.,272,,,Cengage Learning,,1056941,M-156/L076,4,15
2764,AFID + The Complete Review of Radio Frequency Identification,Cooney E.M.,272,,,Cengage Learning,,1056939,M-156/L077,4,16
2765,ROI of Software Process Improvement,RICO D.F.,295,,,Cengage Learning,,1056942,M-156/L078,4,17
2766,ROI of Software Process Improvement,RICO D.F.,295,,,Cengage Learning,,1056943,M-156/L079,4,18
2767,ROI of Software Process Improvement,RICO D.F.,295,,,Cengage Learning,,1056944,M-156/L080,4,19
2768,Software Engineering,Salen K.A.,225,,,Cengage Learning,,1056945,M-156/L081,4,20
2769,Software Engineering,Salen K.A.,225,,,Cengage Learning,,1056946,M-156/L082,4,21
2771,Software Quality,Gillies A.C.,245,,,Thomason,,1056950,M-156/L073,4,22
2772,Software Quality,Gillies A.C.,245,,,Thomason,,1056948,M-156/L074,4,23
2773,Software Quality,Gillies A.C.,245,,,Thomason,,1056949,M-156/L075,4,24
2774,Software Quality Producing Practical consistent Software,Menacne M.,295,,,Cengage Learning,,1056951,M-156/L076,4,25
2775,Software Quality Producing Practical consistent Software,Menacne M.,295,,,Cengage Learning,,1056952,M-156/L077,4,26
2776,Software Quality Producing Practical consistent Software,Menacne M.,295,,,Cengage Learning,,1056953,M-156/L078,4,27
2777,Solving Problem in Scientific Computing using Matlab 4ed.,Gander W.,690,,,Springer,CL,1056954,M-156/L079,4,28
2778,System Analysis & Design Methods,Shelly,395,,,Cengage Learning,,1056955,M-156/L080,4,29
2779,System Analysis & Design Methods,Shelly,395,,,Cengage Learning,,1056957,M-156/L081,4,30
2780,System Analysis & Design Methods,Shelly,395,,,Cengage Learning,,1056956,M-156/L082,4,31
2781,The Complete Guide to Linux System Adm.,Wells N,699,,,Cengage Learning,,1056960,M-156/L083,4,32
2782,The Complete Guide to Linux System Adm.,Wells N,699,,,Cengage Learning,,1056959,M-156/L084,4,33
2783,The Complete Guide to Linux System Adm.,Wells N,699,,,Cengage Learning,,1056958,M-156/L085,4,34
2786,Theory of Computation,Sipser,255,,,Cengage Learning,,1056961,M-146,1,1
2787,Unix & Shell Programming a Textbook,Forouzan,450,,,Cengage Learning,ISSUED (VKS),1056966,M-146,1,2
2788,Unix & Shell Programming a Textbook,Forouzan,450,,,Cengage Learning,,1056965,M-146,1,3
2789,Unix & Shell Programming a Textbook,Forouzan,450,,,Cengage Learning,,1056964,M-146,1,4
2790,Combinatorics of Genome Rearrangment,Fertin G.,1932,,,The Mitt,,1064700,M-146,1,5
2791,Bewulf Cluster Computing with Linux 2ed.,Gropp W.,2173.5,,,The Mitt,,1064701,M-146,1,6
2792,Computability & Complexity form a Programming Prospective,Jones N.D.,3622,,,The Mitt,,1064702,M-146,1,7
2793,Immunological Bioinformatics,Lund O.,2559.9,,,The Mitt,,1064703,M-146,1,8
2794,The Processes of Life,Hunter L.E.,1932,,,The Mitt,,1064704,M-146,1,9
2795,Advanced in Distributed & Parallel,Kargupta H.,2656,,,AAAI PRE,,1064705,M-146,1,10
2796,Prospective Inconcorrency Theory,Lodaya K.,550,,,Universities Press,,1064706,M-146,1,11
2797,Distributed System An Algorithmic Approach,Ghosh S.,525,,,CHAPMAN,,1064707,M-146,1,12
2798,Distributed Sensor  Network,Iyengar S.S.,8910,,,CHAPMAN,ISSUED (SKB),1064708,M-146,1,13
2799,Parallel Algorithm,Casanova H/C,5203.2,,,CRC Press,,1064709,M-146,1,14
2800,Parallel Iterative Algorithmic,Bahl J.M.,4805.2,,,CHAPMAN,,1064710,M-146,1,15
2801,Agent Based Models,Gilbert N.,866.99,,,Sage Publi.,,1064797,M-146,1,16
2803,Complex  Adaptive Systems,Miller J.H.,1440.5,,,Prince to,,1064799,M-146,1,17
2805,Generative Social Science,Epstein J.M.,2898,,,Prince to,ISSUED (VKS),1064801,M-146,1,18
2807,Managing Business Complexity,North M.J.,4588,,,Oxford U,,1064803,M-146,1,19
2808,Models & Methods in Social Network Analysis,Carrington P.,1738.32,,,Cambrid,ISSUED (VKS),1064804,M-146,1,20
2809,Multiagent System,Weiss G.,2656,,,The Mitt,,1064798,M-146,1,21
2810,Social Emergemce,Sawyer R.K.,995,,,Cambrid,ISSUED (VKS),1064806,M-146,1,22
2812,Web Data Mining Exploring Hyperlink Content & usuage Data,Liu B.,3596.9,,,Springer,ISSUED (MG),1064808,M-146,1,23
2813,Understanding Pointers in C,Kanetkar,225,,,BPB,,1056787,M-146,1,24
2814,Software Engineering A Practitioner's Approach,Rogers,531,,,Mc Graw Hill,ISSUED (SHAILENDRA-RGSC),1056789,M-146,1,25
2815,Software Engineering A Practitioner's Approach,Rogers,531,,,Mc Graw Hill,,1056788,M-146,1,26
2811,Social Network Analysis Methods & Applications,Wasserman S.,2366.7,,,Cambrid,,1064807,M-146,1,27
2817,Database System Concepts,Silberschatz,483,,,Mc Graw Hill,,1056792,M-146,1,28
2826,"Introduction to Automata Theory, Language & Computation",Hopcraft,415,,,Pearson Education,,1056800,M-146,1,29
2827,"Introduction to Automata Theory, Language & Computation",Hopcraft,415,,,Pearson Education,,1056801,M-146,1,30
2829,Digital Computer Fundamentals,Thomas C. Barkee,375,,,TMH,,1056803,M-146,1,31
2830,Digital Computer Fundamentals,Thomas C. Barkee,375,,,TMH,,1056804,M-146,2,1
2831,Digital Computer Fundamentals,Thomas C. Barkee,375,,,TMH,,1056805,M-146,2,2
2832,Programming in C#,E.  Balaguruswamy,295,,,Mc Graw Hill,,1056806,M-146,2,3
2833,Programming in C#,E.  Balaguruswamy,295,,,Mc Graw Hill,,1056807,M-146,2,4
2834,Programming in C#,E.  Balaguruswamy,295,,,Mc Graw Hill,,1056808,M-146,2,5
2835,Computer Networks,Tanenbaum,375,,,Pearson Education,,1056809,M-146,2,6
2836,Computer Networks,Tanenbaum,375,,,Pearson Education,,1056810,M-146,2,7
2897,ASP.NET AJAK in Action,Gallo,449,,,Dreamtech Press,,1083945,M-146,2,8
2842,Programming with Java A Primer,E.  Balaguruswamy,270,,,Mc Graw Hill,,1056820,M-146,2,9
2843,Programming with Java A Primer,E.  Balaguruswamy,270,,,Mc Graw Hill,,1056817,M-146,2,10
2845,Programming with Java A Primer,E.  Balaguruswamy,270,,,Mc Graw Hill,,1056819,M-146,2,11
2846,Programming with Java A Primer,E.  Balaguruswamy,270,,,Mc Graw Hill,,1056816,M-146,2,12
2851,Computer Architecture & Organisation,Hayes,458.8,,,Mc Graw Hill,,1056828,M-146,2,13
2852,Computer Architecture & Organisation,Hayes,458.8,,,Mc Graw Hill,,1056825,M-146,2,14
2853,Computer Architecture & Organisation,Hayes,458.8,,,Mc Graw Hill,,1056826,M-146,2,15
2855,Computer Architecture & Organisation,Hayes,458.8,,,Mc Graw Hill,ISSUED (DRN),1056829,M-146,2,16
2856,Digital Computer Fundamentals,Thomas C. Bartee,375,,,Mc Graw Hill,,1056747,M-146,2,17
2857,Digital Computer Fundamentals,Thomas C. Bartee,375,,,Mc Graw Hill,,1056746,M-146,2,18
2861,The C++ Programming Lang.,Bjarne Stroustup,699,,,Pearson Education,,1056750,M-146,2,19
2862,The C++ Programming Lang.,Bjarne Stroustup,425,,,Pearson Education,,1056751,M-146,2,20
2868,The C++ Programming Lang.,Stroupstrup,596,,,Pearson Education,,1056741,M-146,2,21
2875,Computer Communications,Gallo M.A.,292.5,,,Cengage,,1057330,M-146,2,22
2877,Guide to Operating System Security,Palmer M.,292.5,,,Cengage,,1057332,M-146,2,23
2882,Information Systems Security,Godbole,549,,,Wiley,,1083933,M-146,2,24
2883,Information Systems Security,Godbole,399,,,Wiley,,1083932,M-146,2,25
2890,Data Mining Techniques,Berry Linoff,379,,,Wiley India,,1083938,M-146,2,26
2891,Data Mining Techniques,Berry Linoff,299,,,Wiley India,,1083939,M-146,2,27
2802,Introduction to Multiagent Systems,Michael W.,2898,,,Star Edu.,,1083946,M-146,2,29
2898,"HTML, XHTML & CSS",SCHAFER,449,,,Wiley India,,1083146,M-146,2,29
2858,Object Oriented Analysis & Design ,Grady Brooch,565,,,Pearson Education,,1056748,M-146,3,1
2859,Object Oriented Analysis & Design ,Grady Brooch,565,,,Pearson Education,,1056749,M-146,3,2
2860,Introduction to Distributed Algorithms,Gerard Tel.,699,,,,,1056744,M-146,3,3
2863,An Unofficial Guide to Ethical Hacking,Ankit Fadia,275,,,Mc Millan,,1056742,M-146,3,4
2864,Fundamental of Software Engg.,Carlo Ghezzi,495,,,PHI Learning,,1056745,M-146,3,5
2866,An Introduction to Database System,Date,585,,,Pearson Education,,1056743,M-146,3,6
2867,Object Oriented Analysis & Design with Application,Booch,,,,Pearson Education,,1056740,M-146,3,7
2869,Introduction to Distributed Algorithms,Tel,3124.38,,,Cambride,ISSUED (SHAILENDRA-RGSC),1056752,M-146,3,8
2870,Complex  &Adaptive Dynamical System,Gros C.,1461.17,,,Springer,ISSUED (VKS),1060402,M-146,3,9
2871,Multiagent System Intensions know how & Communications ,Singh M.P.,7502.88,,,Springer,ISSUED (VKS),1060403,M-146,3,10
2872,High Performance Data Mining Scaling Algorithm Applications & System,Guo Y.,3437.13,,,Kluwer,CL,1060404,M-146,3,11
2873,Large Scale Parallel Data Mining,Zaki M.J.,4107.43,,,Springer,,1060405,M-146,3,12
2874,Fundamental of Grid Computing,Magoules F.,342,,,CRC Press,ISSUED (SKB),1057337,M-146,3,13
2876,Computer Security,Basta A.,355.5,,,Cengage,,1057331,M-146,3,14
2878,Object Oriented Programming in C++,Farrell,292.5,,,Cengage,,1057333,M-146,3,15
2879,Software Security Theory,Sinn R.,112.5,,,Cengage,,1057334,M-146,3,16
2880,Programming & Practice Virtual Machine,Simpson,269.1,,,Cengage,,1057335,M-146,3,17
2881,Web Programming,Thompson,549,,,Cengage,,1057336,M-146,3,18
2884,ASP.NET 3.5,Kogent,399,,,Dreamtech Press,,1083934,M-146,3,19
2886,Professional Java Server Prog.,Allamaraju,675,,,Wrox Press,,1083936,M-146,3,20
2887,Professional Java Server Prog.,Allamaraju,599,,,Wrox Press,,1083935,M-146,3,21
2888,Java Server Prog. Java EE5,Kogent,599,,,Dreamtech Press,,1083437,M-146,3,22
2892,Unix  Programming the first Drive,Saurabh,299,,,Wiley India,,1083941,M-146,3,23
2893,Unix  Programming the first Drive,Saurabh,549,,,Wiley India,,1083940,M-146,3,24
2894,Adobe Dreamweaver CS4 Bible,Joseph Lowery,549,,,Wiley India,,1083943,M-146,3,25
2895,Adobe Dreamweaver CS4 Bible,Joseph Lowery,499,,,Wiley India,,1083942,M-146,3,26
2896,ASP.NET AJAK in Action,Gallo,499,,,Dreamtech Press,,1083944,M-146,3,27
2931,Data Mining Methods & Models,Larose,449,,,Wiley India,,1083978,M-146,3,28
2930,Data Mining Methods & Models,Larose,279,,,Wiley India,,1083979,M-146,3,29
2929,Web Programming,Chris Bates,279,,,Wiley India,,1083976,M-146,3,30
2899,"HTML, XHTML & CSS",SCHAFER,499,,,Wiley India,,1083947,M-146,4,1
2900,Pattern Classification,"Deeda, Hart, Stork",499,,,Wiley,,1083948,M-146,4,2
2901,Pattern Classification,"Deeda, Hart, Stork",299,,,Wiley,,1083949,M-146,4,3
2902,Code Leader,Patrick Caeeldwell,299,,,Wiley India,,1083951,M-146,4,4
2903,Code Leader,Patrick Caeeldwell,399,,,Wiley India,,1083950,M-146,4,5
2904,Computer Architecture & Organisation,Heuring,399,,,Wiley India,,1083953,M-146,4,6
2905,Computer Architecture & Organisation,Heuring,449,,,Wiley India,,1083952,M-146,4,7
2906,CMOS,Jacob Baker,449,,,Wiley India,,1083954,M-146,4,8
2907,CMOS,Jacob Baker,459,,,Wiley India,,1083955,M-146,4,9
2908,Software Engineering : An Engg. Approach,Peter's,459,,,Wiley India,,1083957,M-146,4,10
2909,Software Engineering : An Engg. Approach,Peter's,379,,,Wiley India,,1083956,M-146,4,11
2910,Algorithm Design,Goodrich,379,,,Wiley India,,1083959,M-146,4,12
2911,Algorithm Design,Goodrich,329,,,Wiley India,,1083958,M-146,4,13
2912,Pattern Oriented Software Architecture,Buschmann,329,,,Wiley India,,1083960,M-146,4,14
2913,Pattern Oriented Software Architecture,Buschmann,299,,,Wiley India,,1083961,M-146,4,15
2914,Embedded System Design,"Vahid, Givargis",299,,,Wiley India,,1083962,M-146,4,16
2915,Embedded System Design,"Vahid, Givargis",319,,,Wiley India,,1083963,M-146,4,17
2916,Dataware Housing Fundamentals,Ponniah,319,,,Wiley India,,1083964,M-146,4,18
2918,Storage Network Explained,Troppen,319,,,Wiley India,,1083966,M-146,4,19
2919,Storage Network Explained,Troppen,399,,,Wiley India,,1083967,M-146,4,20
2920,An Introduction to Object Oriented Analysis,Brown David,399,,,Wiley India,,1083968,M-146,4,21
2921,An Introduction to Object Oriented Analysis,Brown David,399,,,Wiley India,,1083969,M-146,4,22
2922,Big Java,Cay Horstmann,399,,,Wiley India,,1083971,M-146,4,23
2923,Big Java,Cay Horstmann,519,,,Wiley India,,1083970,M-146,4,24
2924,Error Correction Coding,Todd K. Moon,519,,,Wiley India,,1083973,M-146,4,25
2925,Error Correction Coding,Todd K. Moon,459,,,Wiley India,,1083972,M-146,4,26
2927,Applied Cryptography,Bruice Schneir,399,,,Wiley India,,1083974,M-146,4,27
3195,Computer Graphics- C Version,"Hearn, Baker",675,,,Pearson,,1113415,DCSE/ /52,1,1
3174,Let us C,Kanetkar. Y,258,,,BPB,,1113497,DCSE/ /52,1,2
3150,Data & Computer Communication,Stallings,525,,,Pearson,,1113440,DCSE/ /52,1,3
3276,Data Structures Algorithm in JAVA,"Lafore,R",495,,,Pearson,,1105779,DCSE/ /52,1,4
3217,Digital Logic & Computer Design,Mano.M.M,375,,,Pearson,,1113467,DCSE/ /52,2,1
3218,Digital Logic & Computer Design,Mano.M.M,375,,,Pearson,,1113466,DCSE/ /52,2,2
3219,Digital Logic & Computer Design,Mano.M.M,375,,,Pearson,,1113465,DCSE/ /52,2,3
3221,Digital Logic & Computer Design,Mano.M.M,375,,,Pearson,,1113463,DCSE/ /52,2,4
3223,Digital Logic & Computer Design,Mano.M.M,375,,,Pearson,,1113461,DCSE/ /52,2,5
3222,Digital Logic & Computer Design,Mano.M.M,375,,,Pearson,,1113462,DCSE/ /52,2,6
3226,Software Engineering-A Practitioners Approach,Pressman,611,,,Tata MCG,,1113534,DCSE/ /52,2,7
3227,Software Engineering-A Practitioners Approach,Pressman,611,,,Tata MCG,,1113533,DCSE/ /52,2,8
3228,Software Engineering-A Practitioners Approach,Pressman,611,,,Tata MCG,,1113532,DCSE/ /52,2,9
3224,"Micro Computer systems, the 8086/8088 family,Architectures, Programming & design","Liu,Gibson",325,,,PHI,,1113503,DCSE/ /52,2,10
3225,"Micro Computer systems, the 8086/8088 family,Architectures, Programming & design","Liu,Gibson",325,,,PHI,,1113502,DCSE/ /52,2,11
3229,Applying UML & Patterns,Larman C.,525,,,Pearson,,1097702,DCSE/ /52,2,12
3230,Artificial Intelligence :  A Guide to intelligent system,Negnevitsky. M,425,,,Pearson,,1097703,DCSE/ /52,2,13
3232,"Automata Theory,Language & Computations","Hopcraft,J E",465,,,Pearson,,1097705,DCSE/ /52,2,14
3235,Computer Graphics with Open GL,Hearn,685,,,Pearson,,1097798,DCSE/ /52,2,15
3236,Computer Networking with internate protocols & Technology,"Stalling , W",510,,,Pearson,,1097709,DCSE/ /52,2,16
3239,Concepts of Programming Languages,"Subesta, RW",540,,,Pearson,,1097712,DCSE/ /52,2,17
3238,Computer System Design & Architecture,"Heuring,VP",475,,,Pearson,,1097711,DCSE/ /52,2,18
3234,Computer Algorithms Introduction to design & Analysis,"Baase,S",525,,,Pearson,,1097707,DCSE/ /52,2,19
3243,Data & Computer Communications,"Stallings,W",525,,,Pearson,,1097716,DCSE/ /52,2,20
3244,Data Mining : Introductory & Advanced Topics,"Dunham,MH",375,,,Pearson,,1097717,DCSE/ /52,2,21
3245,Distributed Systems Concepts & design,Coulouris,615,,,Pearson,,1097718,DCSE/ /52,2,22
3246,Foundation of Software Testing,"Mathur,A.P",520,,,Pearson,,1097719,DCSE/ /52,2,23
3248,Interactive Computer Graphics : A Top Down approach using OpenGL,"Angel,E",599,,,Pearson,,1097721,DCSE/ /52,2,24
3247,"Genetic Algorithm in search, optimization & Machine learning","Goldberg,D.E",499,,,Pearson,,1097720,DCSE/ /52,2,25
3249,Internate Cryptography,"Smith,R.W",425,,,Pearson,,1097722,DCSE/ /52,2,26
3251,Introduction to Data Mining,"Tan,P.N",525,,,Pearson,,1097724,DCSE/ /52,3,1
3253,Mobile Communcation,"Schiller,J",545,,,Pearson,,1097726,DCSE/ /52,3,2
3252,"Introduction to Formal Languages,Automata Theory & Computation","Krithivasan,K",335,,,Pearson,,1097725,DCSE/ /52,3,3
3250,Introduction to data communication & Networking,"Tomasi,W",599,,,Pearson,,1097723,DCSE/ /52,3,4
3254,Network security Essentials applications & standards,"Stallings,W",399,,,Pearson,,1097727,DCSE/ /52,3,5
3255,Object-oriented Analysis & design with applications,"Booch,C",635,,,Pearson,,1097728,DCSE/ /52,3,6
3256,Object-oriented Modeling & design with UML,"Rambaugh,J.R",399,,,Pearson,,1097729,DCSE/ /52,3,7
3278,Database system -The complete book,"Molina, H.G",675,,,Pearson,,1105781,DCSE/ /52,3,8
3258,Operating Systems,"Stallings,W",525,,,Pearson,,1097731,DCSE/ /52,3,9
3257,Operating System,"Deital,H.M",745,,,Pearson,,1097730,DCSE/ /52,3,10
3259,Principles of distributed Database Sys.,"Ozsu,M.T",535,,,Pearson,,1097732,DCSE/ /52,3,11
3261,The art of computer Programming Fundamentals Algorithms,"Knuth,D.E",499,,,Pearson,,1097734,DCSE/ /52,3,12
3260,Real-Time Systems,"Liu,J.W.S",585,,,Pearson,,1097733,DCSE/ /52,3,13
3265,Web technologies A Computer Science perspective,"Jackson,J.C",475,,,Pearson,,1097738,DCSE/ /52,3,14
3262,The art of computer Programming Seminumerical Algorithms,"Knuth,D.E",625,,,Pearson,,1097734,DCSE/ /52,3,15
3266,"Algorithm in C++ Fundamental Datastructure sorting,searching",Sedgewick,593.1,,,Pearson,,1105769,DCSE/ /52,3,16
3263,The art of computer Programming sorting & searching,"Knuth,D.E",550,,,Pearson,,1097736,DCSE/ /52,3,17
3271,Computer System Organization & Architecture,Carpinelly,472.5,,,Pearson,,1105774,DCSE/ /52,3,18
3274,Data Mining,"Addiaans,P",292.5,,,Pearson,,1105777,DCSE/ /52,3,19
3275,Data Mining-A Tutorial based Primer,"Roiger,R",409.5,,,Pearson,,1105778,DCSE/ /52,3,20
3264,The C Puzzle Book,"Feuer,A.R",215,,,Pearson,,1097737,DCSE/ /52,3,21
3267,An Introduction to XML and Web Technologies,"Moller,A",526.5,,,Pearson,,1105770,DCSE/ /52,3,22
3269,Artificial Intelligence S and S,Luger G.F,539.1,,,Pearson,,1105772,DCSE/ /52,3,23
3268,Approaching Quantum Computing,Marinescu,382.5,,,Pearson,,1105771,DCSE/ /52,3,24
3270,Computer Networking and Internet,"Halsall,F",526.5,,,Pearson,,1105773,DCSE/ /52,3,25
3273,Core Servlets & Java Servers Pages (Vol-2) Advanced Technologies,Hall.M,472.5,,,Pearson,,1105776,DCSE/ /52,3,26
3279,Design Patterns Elements of Reusable Object-Oriented Software,"Gamma, E",427.5,,,Pearson,,1105782,DCSE/ /52,4,1
3281,Discrete and Combinatorial  Mathematics An Applied Introduction,"Grimaldi,R",359.1,,,Pearson,,1105784,DCSE/ /52,4,2
3285,Effective Software Testing 50 specific ways to improve your testing,"Dustin, E",315,,,Pearson,,1105788,DCSE/ /52,4,3
3280,Designing the User Interface,Shneiderm,571.5,,,Pearson,,1105783,DCSE/ /52,4,4
3282,Discrete Mathematics and Combinatorics,"Sengadir,T",359.1,,,Pearson,,1105785,DCSE/ /52,4,5
3284,Distributed Computing Principles and Applications,"Liu, M.L",405,,,Pearson,,1105787,DCSE/ /52,4,6
3286,Firewalls & Internate security Repelling the Wily Hacker,"Cheswick, V",382.5,,,Pearson,,1105789,DCSE/ /52,4,7
3287,Fundamental Concepts Of Bioinformatics,"Krane, D.E",382.5,,,Pearson,,1105790,DCSE/ /52,4,8
3288,"Fundamentals of Neural Networks Architectures, Algorithms and Applications","Fausett,L",400.5,,,Pearson,,1105791,DCSE/ /52,4,9
3289,Fundamentals of Object-Oriented Design in UML,"Jones, M.P",382.5,,,Pearson,,1105792,DCSE/ /52,4,10
3290,"Fuzzy Logic Intelligence, Control & Information","Yen,J",449.1,,,Pearson,,1105793,DCSE/ /52,4,11
3291,High Speed Networks & Internets Performance & Quality of Service,"Stallings, V",539.1,,,Pearson,,1105794,DCSE/ /52,4,12
3295,Introduction to Computer Security,"Bishop, M",449.1,,,Pearson,,1105798,DCSE/ /52,4,13
3294,Introduction software testing A Practical guide to getting started,"Tamres,L",243,,,Pearson,,1105797,DCSE/ /52,4,14
3296,Introduction to cryptography with coding theory,"Trappe, W",436.5,,,Pearson,,1105799,DCSE/ /52,4,15
3297,Introduction to Java Programming,"Liang, Y.D",675,,,Pearson,,1105800,DCSE/ /52,4,16
3298,Introduction to Programming with C ++,"Liang, Y.D",427,,,Pearson,,1105801,DCSE/ /52,4,17
3299,Introduction to the Design & Analysis of Algorithms,"Levitin, A",449.1,,,Pearson,,1105802,DCSE/ /52,4,18
3293,Information Retrieval data Structures and Algorhithms,"Frakes, W.B",517.5,,,Pearson,,1105796,DCSE/ /52,4,19
